-- MySQL dump 10.13  Distrib 8.0.30, for Win64 (x86_64)
--
-- Host: localhost    Database: top_cv
-- ------------------------------------------------------
-- Server version	8.0.30

/*!40101 SET @OLD_CHARACTER_SET_CLIENT=@@CHARACTER_SET_CLIENT */;
/*!40101 SET @OLD_CHARACTER_SET_RESULTS=@@CHARACTER_SET_RESULTS */;
/*!40101 SET @OLD_COLLATION_CONNECTION=@@COLLATION_CONNECTION */;
/*!50503 SET NAMES utf8 */;
/*!40103 SET @OLD_TIME_ZONE=@@TIME_ZONE */;
/*!40103 SET TIME_ZONE='+00:00' */;
/*!40014 SET @OLD_UNIQUE_CHECKS=@@UNIQUE_CHECKS, UNIQUE_CHECKS=0 */;
/*!40014 SET @OLD_FOREIGN_KEY_CHECKS=@@FOREIGN_KEY_CHECKS, FOREIGN_KEY_CHECKS=0 */;
/*!40101 SET @OLD_SQL_MODE=@@SQL_MODE, SQL_MODE='NO_AUTO_VALUE_ON_ZERO' */;
/*!40111 SET @OLD_SQL_NOTES=@@SQL_NOTES, SQL_NOTES=0 */;

--
-- Table structure for table `candidates_list`
--

DROP TABLE IF EXISTS `candidates_list`;
/*!40101 SET @saved_cs_client     = @@character_set_client */;
/*!50503 SET character_set_client = utf8mb4 */;
CREATE TABLE `candidates_list` (
  `id` bigint NOT NULL AUTO_INCREMENT,
  `profile_user_id` bigint NOT NULL,
  `job_id` bigint NOT NULL,
  `candidates_type` bigint NOT NULL,
  PRIMARY KEY (`id`),
  KEY `FK_candidates_list_user_id` (`profile_user_id`),
  KEY `FK_candidates_list_job_id` (`job_id`),
  CONSTRAINT `FK_candidates_list_job_id` FOREIGN KEY (`job_id`) REFERENCES `job_list` (`id`),
  CONSTRAINT `FK_candidates_list_user_id` FOREIGN KEY (`profile_user_id`) REFERENCES `profile_user` (`id`)
) ENGINE=InnoDB AUTO_INCREMENT=17 DEFAULT CHARSET=utf8mb4 COLLATE=utf8mb4_0900_ai_ci;
/*!40101 SET character_set_client = @saved_cs_client */;

--
-- Dumping data for table `candidates_list`
--

LOCK TABLES `candidates_list` WRITE;
/*!40000 ALTER TABLE `candidates_list` DISABLE KEYS */;
INSERT INTO `candidates_list` VALUES (1,7,12,0),(4,1,12,1),(5,1,12,0),(6,1,12,0),(7,1,12,0),(8,1,12,1),(9,1,12,0),(10,1,13,0),(11,1,13,0),(12,1,13,0),(13,1,14,0),(15,1,14,0),(16,1,12,0);
/*!40000 ALTER TABLE `candidates_list` ENABLE KEYS */;
UNLOCK TABLES;

--
-- Table structure for table `career_list`
--

DROP TABLE IF EXISTS `career_list`;
/*!40101 SET @saved_cs_client     = @@character_set_client */;
/*!50503 SET character_set_client = utf8mb4 */;
CREATE TABLE `career_list` (
  `id` bigint NOT NULL AUTO_INCREMENT,
  `created_by` varchar(255) DEFAULT NULL,
  `created_at` datetime(6) DEFAULT NULL,
  `deleted_flag` bit(1) DEFAULT NULL,
  `updated_by` varchar(255) DEFAULT NULL,
  `updated_at` datetime(6) DEFAULT NULL,
  `name` varchar(255) DEFAULT NULL,
  PRIMARY KEY (`id`)
) ENGINE=InnoDB AUTO_INCREMENT=15 DEFAULT CHARSET=utf8mb4 COLLATE=utf8mb4_0900_ai_ci;
/*!40101 SET character_set_client = @saved_cs_client */;

--
-- Dumping data for table `career_list`
--

LOCK TABLES `career_list` WRITE;
/*!40000 ALTER TABLE `career_list` DISABLE KEYS */;
INSERT INTO `career_list` VALUES (1,NULL,NULL,NULL,NULL,NULL,'IT - Phần mềm'),(2,NULL,NULL,NULL,NULL,NULL,'Bảo hiểm'),(3,NULL,NULL,NULL,NULL,NULL,'Bất động sản'),(4,NULL,NULL,NULL,NULL,NULL,'Chứng khoán'),(5,NULL,NULL,NULL,NULL,NULL,'Cơ khí'),(6,NULL,NULL,NULL,NULL,NULL,'Du lịch'),(7,'0','2022-09-20 21:04:23.014000',NULL,'0','2022-09-20 21:04:23.014000','Marketing / Truyền thông / Quảng cáo'),(8,'0','2022-09-20 21:04:37.647000',NULL,'0','2022-09-20 21:04:37.647000','Nhà hàng / Khách sạn'),(9,'0','2022-09-20 21:04:51.770000',NULL,'0','2022-09-20 21:04:51.770000','In ấn / Xuất bản'),(10,'0','2022-09-20 21:05:08.631000',NULL,'0','2022-09-20 21:05:08.631000','Bán lẻ - Hàng tiêu dùng'),(11,'0','2022-09-20 21:05:20.355000',NULL,'0','2022-09-20 21:05:20.355000','Sản xuất'),(12,'0','2022-09-20 21:05:26.892000',NULL,'0','2022-09-20 21:05:26.892000','Xây dựng'),(13,'0','2022-09-20 21:05:35.599000',NULL,'0','2022-09-20 21:05:35.599000','Ngân hàng'),(14,'0','2022-09-20 21:09:01.208000',NULL,'0','2022-09-20 21:09:01.208000','Ngân hàng');
/*!40000 ALTER TABLE `career_list` ENABLE KEYS */;
UNLOCK TABLES;

--
-- Table structure for table `job_list`
--

DROP TABLE IF EXISTS `job_list`;
/*!40101 SET @saved_cs_client     = @@character_set_client */;
/*!50503 SET character_set_client = utf8mb4 */;
CREATE TABLE `job_list` (
  `id` bigint NOT NULL AUTO_INCREMENT,
  `created_by` varchar(255) DEFAULT NULL,
  `created_at` datetime(6) DEFAULT NULL,
  `deleted_flag` bit(1) DEFAULT NULL,
  `updated_by` varchar(255) DEFAULT NULL,
  `updated_at` datetime(6) DEFAULT NULL,
  `name` varchar(255) DEFAULT NULL,
  `company_id` bigint NOT NULL,
  `basic_salary` text,
  `recruit_number` bigint DEFAULT NULL,
  `sex` varchar(30) DEFAULT NULL,
  `age` varchar(30) DEFAULT NULL,
  `english_ielts` float DEFAULT NULL,
  `experience` float DEFAULT NULL,
  `other_requirement` text,
  `job_description` text,
  `interests` text,
  `submit_deadline` datetime(6) DEFAULT NULL,
  `career_list_id` bigint DEFAULT NULL,
  `job_type` bigint DEFAULT NULL,
  PRIMARY KEY (`id`),
  KEY `FK_job_company_id` (`company_id`),
  KEY `FK_career_list_id` (`career_list_id`),
  CONSTRAINT `FK_career_list_id` FOREIGN KEY (`career_list_id`) REFERENCES `career_list` (`id`),
  CONSTRAINT `FK_job_company_id` FOREIGN KEY (`company_id`) REFERENCES `profile_company` (`id`)
) ENGINE=InnoDB AUTO_INCREMENT=44 DEFAULT CHARSET=utf8mb4 COLLATE=utf8mb4_0900_ai_ci;
/*!40101 SET character_set_client = @saved_cs_client */;

--
-- Dumping data for table `job_list`
--

LOCK TABLES `job_list` WRITE;
/*!40000 ALTER TABLE `job_list` DISABLE KEYS */;
INSERT INTO `job_list` VALUES (12,NULL,NULL,NULL,NULL,NULL,'Junior Developer – Freshly Graduate With English Proficiency',1,'0',50,'no','no',6.5,1,'Responsibilities/ Daily tasks you will take care:\n\n• Make research and discuss topics using Technology documents.\n\n• Prosecute tasks and presented before class.\n\n• Participated in projects stimulated actual programs, analyse requiements, design, code and test.\n\nBasic Qualification:\n\n• Bachelor Degree in Technology.\n\n• English proficiency','• We are looking for Junior Developer of any skills\n\n• Freshly Graduate with Technology background around Hanoi for a 2 months training program\n\n• Salary and transportation included.','• Salary package minimum of 9,000,000 VND\n\n• Transportation provided\n\n• Lunch allowance',NULL,1,4),(13,NULL,NULL,NULL,NULL,NULL,'Kỹ Sư Cầu Nối Thị Trường Nhật Bản (Brse)',1,'0',100,'no','no',6.5,2,'• Có từ 02 năm kinh nghiệm làm việc ở vị trí BA/BrSE hoặc vị trí tương đương;\n• Có kỹ năng: làm việc nhóm, phân tích, thiết kế, giao tiếp và thuyết trình bằng tiếng Nhật;\n• Chủ động, có năng lực tự học và thái độ tích cực trong công việc;\n• Thành thạo các công cụ UML, Design và Modelling;\n• Có kinh nghiệm với các dự án ERP, Dynamic 365, SAP là 1 lợi thế;\n• Có kinh nghiệm tạo các tài liệu high-level design: RD, BD, DD\n• Tiếng Nhật: giao tiếp lưu loát, có chứng chỉ N2 trở lên','• Cầu nối giữa công ty con tại Việt Nam và công ty mẹ ở Nhật Bản;\n• Trở thành một thành viên trong đội ngũ phát triển ứng dụng web của công ty;\n• Chịu trách nhiệm trong việc phát triển và bảo trì các sản phẩm;\n• Chiu trách nhiệm tiếp nhận yêu cầu từ công ty mẹ, phân tích và truyền đạt yêu cầu cho team Developer ở Việt Nam;\n• Hỗ trợ các bạn Developer phát triển các chức năng, kiểm tra các chức năng đã hoạt động đúng với yêu cầu của khách hàng;\n• Tham gia đóng góp ý tưởng và cải tiến chất lượng của sản phẩm.','• Middle level: Lương up to $2,000 Gross/ Package tối thiểu 350M Gross VNĐ/ năm;\n• Senior level: Lương up to $3,000 Gross/ Package tối thiểu 500M Gross VNĐ/ năm;\n• Signing Bonus: 15M – 25M – 35M (tùy thuộc vào level được đánh giá);\n• Môi trường làm việc sử dụng tiếng Nhật 100%, toàn bộ các member trong dự án đều sử dụng tiếng Nhật trong quá trình phát triển dự án;\n• Tài liệu 100% tiếng Nhật, có sự hỗ trợ từ PM, Team Lead và các BrSE dày dặn kinh nghiệm để bạn có thể nâng cao kỹ năng làm dự án full-Japanese-document trong thời gian ngắn nhất;\n• Tham gia làm BrSE Long term ngồi tại offshore, được tham gia vào các công đoạn đầu tiên của dự án (RD,BD..);\n• Thường xuyên đi onsite ngắn hạn để phân tích requirement (3 tháng sẽ có 1 lần onsite sang Nhật Bản);\n• Có cơ hội nâng cao kỹ năng quản lý và kỹ năng BrSE, kĩ năng đàm phán với khách hàng cũng như đối tác của khách hàng;\n• Được training về bussiness, các hệ thống khách hàng đang sử dụng;\n• Nhận ưu đãi học phí 20% khi cho con tham gia các trường thuộc hệ thống FPT Education (cấp 1 đến cấp 3)\n• Được cấp 01 tài khoản Udemy for Business (UFB)\n\nChính sách đặc biệt dành cho Senior level:\n• Gói chuyển vùng: Up to 100M (Dành cho Senior chuyển từ HN/HCM về Đà Nẵng); Hoặc\n• 01 suất mua căn hộ FPT Plaza2 tại Đà Nẵng với giá ưu đãi (20M/m2); Hoặc\n• Gói hỗ trợ vay vốn: 04% lãi suất (package 01-02 tỷ).\n\n• Working location: Đà Nẵng/ Onsite Nhật Bản',NULL,1,4),(14,NULL,NULL,NULL,NULL,NULL,'name',1,'0',100,'male','no',2.5,2,'• Nắm vững nguyên lý và mô hình lập trình MVC (Model – View – Controller);\n• Biết dùng HTML/CSS (HTML5, CSS3), Less or Sass, Javascript (JQuery, HighCharts, …);\n• Thành thạo sử dụng JSP (thư viện JSTL). t HTML/CSS/Javascript;\n\nĐối với tầng Controller:\n• Sử dụng thành thạo Java Core, nắm được điểm khác biệt của nền tảng J2SE/ J2ME/J2EE;\n• Đã làm việc với ít nhất một trong các framework như Spring MVC, JSF, Struts hoặc các framework tương tự;\n• Đã từng sử dụng các tool để thiết kế cơ sở dữ liệu của hệ thống quản trị thông tin;\n• Sử dụng thành thạo với một trong các hệ quản trị cơ sở dữ liệu: MySQL, PostgreSQL, … và công nghệ ORM (JPA2, Hibernate);\n• Đã từng làm việc với các hệ quản trị dữ liệu NoSQL như: Cassandra, MongoDB, HBase, Redis, … là một lợi thế;\n• Biết sử dụng các công cụ như: Git, Maven, công cụ quản lý lỗi và một trong các công cụ lập trình Netbeans, Eclipse, IntelliJ;\n• Tiếng Nhật: giao tiếp tốt (N3 trở lên).','• Tham gia đầy đủ vào các khâu trong quá trình phát triển sản phẩm: Phân tích, thiết kế, phát triển, tích hợp và đóng gói sản phẩm, ….;\n• Nghiên cứu/ đánh giá/ lựa chọn công nghệ cho mảng lĩnh vực mình phụ trách, đáp ứng yêu cầu đặt ra cho sản phẩm;\n• Tham gia thiết kế triến trúc hệ thống, thiết kế cơ sở dữ liệu, thiết kế mã nguồn (Interface), Design Pattern cùng các thành viên trong dự án;\n• Lập trình, phát triển các sản phẩm có hiệu năng cao, đáp ứng cho tập người dùng lớn.','• Middle level: Lương up to $2,000 Gross/ Package tối thiểu 350M Gross VNĐ/ năm;\n• Senior level: Lương up to $3,000 Gross/ Package tối thiểu 500M Gross VNĐ/ năm;\n• Signing Bonus: 15M – 25M – 35M (tùy thuộc vào level được đánh giá);\n• Môi trường làm việc sử dụng tiếng Nhật 100%, toàn bộ các member trong dự án đều sử dụng tiếng Nhật trong quá trình phát triển dự án;\n• Tài liệu 100% tiếng Nhật, có sự hỗ trợ từ PM, Team Lead và các BrSE dày dặn kinh nghiệm để bạn có thể nâng cao kỹ năng làm dự án full-Japanese-document trong thời gian ngắn nhất;\n• Tham gia làm BrSE Long term ngồi tại offshore, được tham gia vào các công đoạn đầu tiên của dự án (RD,BD..);\n• Thường xuyên đi onsite ngắn hạn để phân tích requirement (3 tháng sẽ có 1 lần onsite sang Nhật Bản);\n• Có cơ hội nâng cao kỹ năng quản lý và kỹ năng BrSE, kĩ năng đàm phán với khách hàng cũng như đối tác của khách hàng;\n• Được training về bussiness, các hệ thống khách hàng đang sử dụng;\n• Nhận ưu đãi học phí 20% khi cho con tham gia các trường thuộc hệ thống FPT Education (cấp 1 đến cấp 3)\n• Được cấp 01 tài khoản Udemy for Business (UFB)',NULL,1,4),(15,NULL,NULL,NULL,NULL,NULL,'Brse Tiếng Nhật - Signing Bonus Up To 35M',1,'0',100,'male','18 - 24',1.5,2,'• Có trình độ tiếng Nhật N2 trở lên (bắt buộc).\n• Có kinh nghiệm làm leader và quản lý nhóm (từng làm PM 2-3 năm)\n• Có kinh nghiệm làm việc với khách hàng Nhật\n• Chủ động, có khả năng thương lượng với khách hàng, partner nội bộ cũng như bên thứ 3.\n• Có hiểu biết 1 trong những ngôn ngữ phát triển phần mềm : .NET, JAVA, COBOL','• Tham gia xây dựng / kiến tạo dự án với vai trò PM/BRSE\n• Short-Onsite nếu cần để clear requirement, assessment dự án, thảo luận và final process/ template trong dự án với khách hàng\n• Report/báo cáo tiến độ, chất lượng dự án.\n• Control/tracking/giải quyết issue dự án , chịu trách nhiệm dự án.\n• Tham gia pre-sale, estimate effort/budget dự án và đề xuất với khách hàng.\n• Có kinh nghiệm tạo tài liệu design (basic design/Detail design)\n• Có kinh nghiệm các công đoạn từ coding - testing sản phẩm.\n• Có kỹ năng kinh nghiệm về process đảm bảo chất lượng sản phẩm.','• Thu nhập: 500,000,000-800,000,000 VNĐ/Year\n• Cơ hội điều hành các dự án lớn của khách hàng. Va chạm và học hỏi nhiều về hệ thống lớn, cách quản lý team size lớn.\n• Lộ trình thăng tiến rõ ràng, rất nhiều vị trí và cơ hội thăng tiến.\n• Được tham gia các hoạt động lễ tết, team building, nghỉ mát',NULL,1,4),(16,NULL,NULL,NULL,NULL,NULL,'Lập Trình Viên Front-End_Front-End Developer',1,'0',100,'female','19 - 23',4.5,2,'- Có tinh thần trách nhiệm cao, định hướng làm team leader\n\n- Thành thạo Javascript, Typescript, HTML5/CSS3, framework Vue.js\n\n- Có kinh nghiệm sử dụng Git\n\n- Có 3 năm kinh nghiệm ','- Phát triển team Front End\n\n- Phát triển ứng dụng web phía front-end, sử dụng framework Vue.js\n\n- Cắt HTML, CSS: chuyển file thiết kết Photoshop thành template HTML, CSS, Javascript\n\n- Thực hiện các công việc khác phát sinh ','- Thu nhập từ 500$-1500$ (hoặc thỏa thuận theo năng lực của ứng viên)\n\n- Thưởng tháng 13, review lương 2 lần một năm\n\n- Hỗ trợ ăn trưa, hỗ trợ phí đi lại\n\n- Trợ cấp thi chứng chỉ kỹ thuật, năng lực tiếng nhật, các seminar ngoài công ty\n\n- Tham gia bảo hiểm theo quy định của nhà nước\n\n- Khám sức khoẻ định kỳ 1 năm 1 lần\n\n- Nghỉ phép: theo quy định của nhà nước',NULL,1,4),(17,NULL,NULL,NULL,NULL,NULL,'Business Analyst',1,'0',100,'male','25 - 30',5,2,'• Trình độ:  Tốt nghiệp, Cao Đẳng, Đại học (chuyển ngành CNTT, Kinh tế, Khoa học máy tính hoặc các chuyên ngành liên quan) \n• Kinh nghiệm:  Từ 1 năm kinh nghiệm tại vị trí tương đương\n• Tin học: Sử dụng tốt các công công cụ BA, Test. \n• Yêu cầu khác: Có hiểu biết về quy trình, nghiệp vụ một trong các lĩnh vực: Quản trị dự án, Quản lý quy trình, Quản lý công văn, Chữ ký điện tử.\n• Kỹ năng:  \n- Kỹ năng giao tiếp, truyền đạt tốt\n- Kỹ năng làm việc nhóm và làm việc độc lập\n- Kỹ năng tổ chức và quản lý thời gian\n- Kỹ năng làm việc dưới áp lực\n• Thái độ:  Chăm chỉ, nhiệt tình, hòa đồng và có trách nhiệm trong công việc.','- Phân tích các yêu cầu kinh doanh / kỹ thuật bao gồm các yêu cầu chức năng và phi chức năng đối với các thành phần của dự án và các tài liệu liên quan khác bao gồm use cases/user stories.\n- Làm việc với các nhà cung cấp giải pháp bên trong và bên ngoài để xác định và đánh giá các lựa chọn giải pháp đáp ứng các yêu của người dùng và các mục tiêu tiến độ của dự án\n- Chịu trách nhiệm đánh giá các quy trình kinh doanh, xác định các yêu cầu kinh doanh và đề xuất các giải pháp tích hợp.\n- Cung cấp hỗ trợ cho Người dùng cuối; đáp ứng các yêu cầu, bao gồm nghiên cứu và khắc phục sự cố, đề xuất các giải pháp để đáp ứng nhu cầu kinh doanh.\n- Hỗ trợ các dự án và phát triển chức năng, cải tiến và triển khai hệ thống trong khi vẫn đảm bảo tài liệu về tất cả các yêu cầu nghiệp vụ, quy trình và thủ tục công việc.\n- Thực hiện các nhiệm vụ khác theo sự phân công.','- Lương thỏa thuận theo kinh nghiệm và năng lực\n- Có lương tháng thứ 13, thưởng lễ tết, thưởng hiệu quả kinh doanh theo quy định và theo kết quả kinh doanh của Công ty.\n- Được tham gia đào tạo nghiệp vụ trong và ngoài nước theo yêu cầu công việc.\n- Tham gia các khóa đào tạo kỹ năng mềm phục vụ cho công việc\n- Được làm việc trong một môi trường công việc thực tế, năng động cùng với các chuyên gia hàng đầu trong nhiều lĩnh vực của công ty.\n- Xét tăng lương hàng năm.\n- Chế độ bảo hiểm xã hội đầy đủ theo quy định của Luật.\n- Gói bảo hiểm chăm sóc sức khỏe toàn diện cho CBNV\n- Du lịch, team building 2-3 lần / năm.\n- Tủ sách miễn phí.\n- Nhiều chính sách đãi ngộ hấp dẫn khác.',NULL,1,4),(18,NULL,NULL,NULL,NULL,NULL,'Lập Trình Viên Backend/ Backend Developer',1,'0',100,'female','no',6,2,'other_requirement','job_description','interests',NULL,1,4),(19,NULL,NULL,NULL,NULL,NULL,'name',1,'0',100,'no','18-22',5,2,'Tốt nghiệp ĐH/CĐ chuyên ngành CNTT hoặc các chuyên ngành liên quan\nThành thạo các kiến thức về .NET Framework hoặc .NET Core (C#, ASP.NET, MVC, ...) Có kinh nghiệm xây dựng các hệ thống sử dụng .NET là lợi thế\nƯu tiên ứng viện có kinh nghiệm làm việc với Web API\nCó kinh nghiệm với 1 trong các cơ sở dữ liệu SQL Server, MySQL, PostgreSQL. Đã từng làm sản phẩm sử dụng NoSQL: MongoDB, CouchBase, Redis, RabbitMQ, … là lợi thế\nCó kiến thức về OOP, Design Pattern, nguyên lý SOLID, SOA/Micro Service\nƯu tiên ứng viên thích làm product, tư duy làm sản phẩm cao, sản phẩm hướng người dùng cuối.\nGiao tiếp tốt, chủ động, khả năng làm việc nhóm tốt','Tham gia phát triển các sản phẩm phục vụ cho hàng trăm nghìn khách hàng về các mảng Tài chính kế toán, Điều hành doanh nghiệp, Quản lý bán hàng cũng như eLearning\nXây dựng và tối ưu sản phẩm đáp ứng hàng trăm nghìn người sử dụng đồng thời\nTham gia nghiên cứu và ứng dụng các công nghệ mới vào sản phẩm: Blockchain, AI, Machine Learning, BigData, RPA, …\nPhối hợp cùng đội ngũ BA phân tích, thiết kế, đưa ra giải pháp để phát triển phần mềm đáp ứng đúng, đủ, tiện các yêu cầu của người dùng cuối','Lương cạnh tranh có thể lên tới 40tr/tháng (Phụ thuộc vào năng lực và kinh nghiệm của bạn, chúng tôi không bao giờ đãi ngộ thấp hơn khả năng của bạn)\nXem xét điều chỉnh lương cứng 2 lần/năm\nThưởng cuối năm theo năng suất làm việc từ 2 tháng lương\nĂn trưa miễn phí tại công ty\nThời gian làm việc: 8h - 17h30 (thứ 2- thứ 6)\nQuà tặng sinh nhật, chế độ ốm đau, thai sản, nghỉ mát, teambuilding, khám sức khỏe đầy đủ\nCó các CLB Văn hóa, Thể thao và nhiều chương trình văn thể mỹ sinh hoạt thường xuyên\nKhông gian làm việc hiện đại, thoáng đãng, nhiều tiện ích giải trí: quầy bar, sân golf mini, khu leo núi…\nKhuôn viên xung quanh văn phòng thoáng mát, thuận tiện giao thông',NULL,1,4),(20,NULL,NULL,NULL,NULL,NULL,'Java Developer',2,'0',100,'female','no',2,2,'• Có chuyên môn về phát triển phần mềm bằng Java và Spring, Microservices, Rest API\n\n• Có kinh nghiệm sử dụng các framework Spring, Angular, ReactJS, Hibernate\n\n• Có thể sử dụng một trong các hệ quản trị cơ sở dữ liệu Mysql, Oracle, Sql server và cơ sở dữ liệu NoSQL\n\n• Hiểu biết về webservice SOAP/Restful, chuẩn message JSON, XML, OOP, Design pattern ...\n\n• Hiểu biết thành thạo về các công cụ hỗ trợ phát triển như Git, Jira\n\n• Có tư duy logic và kỹ năng giải quyết vấn đề\n\n• Là sinh viên đã/sắp tốt nghiệp chuyên ngành Công nghệ thông tin, Toán tin, Khoa học máy tính, Kỹ thuật phần mềm, Ứng dụng di động, Điện tử viễn thông... hoặc các chuyên ngành có liên quan.','• Nghiên cứu phát triển nền tảng, ứng dụng và hệ sinh thái IoT: IoT Platform, M2M & eSIM Platform, Smart Home ecosystem\n\n• Nghiên cứu phát triển các phần mềm và nền tảng Chuyển đổi số Doanh nghiệp\n\n• Nghiên cứu phát triển nền tảng và hệ thống lõi viễn thông hiệu năng cao','• Xét lương 2 lần/năm, 16 tháng lương/1 năm\n\n• Thưởng hấp dẫn, được tham gia đóng BHXN BHYT\n\n• Tiếp cận CN mới nhất IoT, 5G, Cloud, Big Data\n\n• Môi trường trẻ trung, chuyên nghiệp, ăn trưa free',NULL,1,4),(21,NULL,NULL,NULL,NULL,NULL,'Junior/Senior Frontend Developer',3,'0',100,'no','25-30',1,2,'- Kinh nghiệm về lập trình web ít nhất 1 năm.\n\n- Có từ 1 năm kinh nghiệm phát triển dự án Vue.js.\n\n- Có kinh nghiệm làm việc với NuxtJS là một lợi thế.\n\n- Có khả năng làm việc tốt với CSS, SCSS, JavaScript.\n\n- Có kinh nghiệm làm việc với Tailwind CSS là một lợi thế.','- Tham gia phát triển ứng dụng web trên nền tảng Vue.js (NuxtJS).\n\n- Tối ưu một số tính năng sẵn có của các hệ thống hiện tại.\n\n- Nghiên cứu các công nghệ mới để cải thiện tính năng và phát triển các tính năng mới.','- Lương thoả thuận, có thể lên đến 25 triệu.\n\n- Review lương theo năng lực và hiệu quả 2 lần 1 năm\n\n- Lương tháng 13\n\n- Hỗ trợ ăn trưa\n\n- Ngày nghỉ: 12 ngày phép/năm\n\n- Tham gia đầy đủ các chế độ BHYT, BHXH, BHTN\n\n- Teambuilding 2 lần/năm.',NULL,1,4),(22,NULL,NULL,NULL,NULL,NULL,'Junior Android Developer',4,'0',100,'female','35-40',3.5,2,'- Có kinh nghiệm lập trình Android tối thiểu 6 tháng.\n- Nắm được khái niệm Android cơ bản (Activity/Service/View System, Resource, Storage, Thread Handling).\n- Đã từng sử dụng một trong các kiến trúc MVP, MVVM.\n- Hiểu biết Design Pattern là một lợi thế.\n- Có khả năng dựng module độc lập là một lợi thế.\n- Có hiểu biết về Web, Cloud technology là một lợi thế.\n- Am hiểu Agile Scrum là một lợi thế.\n- Đam mê, chủ động công việc, có kỹ năng làm việc nhóm, làm việc độc lập.\n- Đam mê phát triển sản phẩm.\n- Có kỹ năng làm việc nhóm/theo quy trình là một lợi thế.','- Phát triển ứng dụng, module ứng dụng Android theo phân phối của Team Leader.\n- Tham gia phân tích, thiết kế kiến trúc, luồng nghiệp vụ của ứng dụng di động theo phân phối của team leader.\n- Phối hợp với Level Middle/Senior Developer thực hành code review.\n- Phối hợp với các team liên quan vận hành dự án theo quy trình.\n- Tham gia hướng dẫn, đào tạo member mới.\n- Được phép tự do nghiên cứu công nghệ mới, đề xuất ý tưởng đóng góp vào dự án.','- Môi trường thẳng thắn cực đoan - trà đá, bàn tròn, ném đá sếp, áp dụng triệt để văn hóa 6K startup, TSB3C.\n- Luyện lên level cùng hệ sinh thái các sản phẩm có 30 triệu người dùng hàng tháng trên toàn cầu: Âu, Úc, Mỹ, Ấn Độ, Brazil, South Africa...\n- Thực chiến cùng quản lý, chuyên gia từ các tập đoàn lớn: Topica, VNG, Samsung,...\n- Mức lương hấp dẫn từ 12.000.000 - 20.000.000 VNĐ.\n- Cơ chế đãi ngộ tập trung vào phát triển nhân tài và xây dựng theo concept gia tốc: Nhân sự Top đầu tăng lương gấp 6 lần nhân sự Top dưới.\n- Thưởng 4-6 tháng lương 1 năm với nhân sự Top đầu.\n- Bổ nhiệm ngay khi có chiến công đặc biệt.\n- Văn hóa làm việc GenZ: trẻ trung, sáng tạo, dám nghĩ - dám làm.\n- Tham gia các hoạt động vui chơi giải trí, du lịch, team building, ăn uống cùng các thành viên trong công ty.',NULL,1,4),(23,NULL,NULL,NULL,NULL,NULL,'Nhân Viên Tư Vấn ( Telesales )',1,'0',50,'no','no',6.5,1,'- Có kỹ năng giao tiếp, tư vấn bán hàng. Ưu tiên những ứng viên có kinh nghiệm lĩnh vực tư vấn.\n\n- Giọng nói dễ nghe.\n\n- Có kỹ năng xử lý tình huống tốt.\n\n- Có trách nhiệm với công việc được giao\n\n- Chấp nhận đào tạo những ứng viên chưa có kinh nghiệm làm việc nhưng có tinh thần học hỏi.','- Làm việc tại trung tâm tư vấn tổng đài với đầy đủ trang thiết bị và cơ sở vật chất hỗ trợ công việc.\n\n- Sử dụng nguồn khách hàng được công ty cung cấp sẵn để giới thiệu, tư vấn cho khách hàng về các thông tin của trang bán hàng Smart Shopping và mời khách hàng nhận cuốn catalogue của trang bán hàng\n\n- Hỗ trơ, tư vấn khách hàng những thông tin cần thiết để tiến hành đặt hàng\n\n- Không áp doanh số, không tăng ca','',NULL,1,0),(24,NULL,NULL,NULL,NULL,NULL,'IT Software/Applications Architect',1,'0',50,'no','no',6.5,1,'- Proven ability to build, manage and foster a team-oriented environment\n- Can lead through example by supporting the developers and enabling them to realize the architecture\n- Proven ability to work creatively and analytically in a problem-solving environment\n- Excellent communication (written and oral) and interpersonal skills\n- Architecture creation and delivery\n- Expertise in shaping solutions\n- Expertise in two of the following areas\n+ Cloud\n+ IT Systems\n+ Networks and Technical Capabilities\n+ Microservices\n- Expertise in Agile development\n- Experience with DevOps/infrastructure as code /continuous improvement\n- Experience with virtualization (VMWare, Docker) and other cloud platforms (AWS, Microsoft Azure, Google Compute, etc.)','- Develop the target architecture for IT Manufacturing based on Bosch Hybrid cloud platform ( IT system and Backup solutions )\n- Advise teams about IT technology standard requirements, methodology and processes\n- Design and develop infrastructure blueprints for the implementation of new solutions\n- Technical direction of new system implementations for plants\n- Reporting on project deployments/ rollouts','- Proven ability to build, manage and foster a team-oriented environment\n- Can lead through example by supporting the developers and enabling them to realize the architecture\n- Proven ability to work creatively and analytically in a problem-solving environment\n- Excellent communication (written and oral) and interpersonal skills\n- Architecture creation and delivery\n- Expertise in shaping solutions\n- Expertise in two of the following areas\n+ Cloud\n+ IT Systems\n+ Networks and Technical Capabilities\n+ Microservices\n- Expertise in Agile development\n- Experience with DevOps/infrastructure as code /continuous improvement\n- Experience with virtualization (VMWare, Docker) and other cloud platforms (AWS, Microsoft Azure, Google Compute, etc.)',NULL,1,0),(25,NULL,NULL,NULL,NULL,NULL,'Nhân Viên Chăm Sóc Khách Hàng Tiếng Nhật',1,'0',50,'no','no',6.5,1,'Thông thạo Tiếng Nhật (Nói, nghe, đọc & viết), yêu cầu về bằng cấp N2 hoặc tương dương\nTiếng Anh cơ bản\nCó kinh nghiệm chăm sóc khách hàng là một lợi thế.\nGiọng nói rõ ràng, dễ nghe.\nCó kỹ năng xử lý tình huống tốt và Có trách nhiệm với công việc','Làm việc tại trung tâm tư vấn tổng đài với đầy đủ trang thiết bị và cơ sở vật chất hỗ trợ công việc.\nTrực Hotline/Tiếp nhận cuộc gọi từ khách hàng để giải đáp thắc mắc, hỗ trợ giải quyết khiếu nại của khách hàng về dịch vụ.\nCập nhật thông tin kết qủa cuộc gọi lên hệ thống.\nThực hiện các nhiệm vụ khác theo yêu cầu của cấp trên\nThời gian làm việc:\n- Từ 7h00 đến 16h00\n- 1 tuần 2 ngày nghỉ theo sự sắp xếp của dự án','Thu nhập từ 13.000.000 - 15.000.000 VNĐ/ tháng + Phụ cấp Chuyên cần + Phụ cấp xăng xe\nĐược làm việc trong môi trường năng động, trẻ trung, thân thiện, có nhiều cơ hội học hỏi và phát triển bản thân.\nChế độ BHXH, BHYT, lương tháng 13, phép năm… đầy đủ theo quy định.\nĐược công ty mua bảo hiểm sức khỏe Bảo Việt và tổ chức khám sức khỏe định kỳ.\nĐược đào tạo nâng cao trình độ chuyên môn và các kỹ năng về tư vấn – xử lý tình huống với khách hàng.\nĐược tham gia các hoạt động của công ty như Team building, Company trips…\nQuy trình đánh giá và phát triển rõ ràng theo lộ trình cụ thể.\nCơ hội thăng tiến lên các vị trí cao hơn như Team Leader, Manager...\nChính sách tăng lương theo năng lực, theo thâm niên.',NULL,1,1),(26,NULL,NULL,NULL,NULL,NULL,'System Admin (IT Phần Cứng/Quản Trị Hệ Thống) - Lương 15 - 25 Triệu/Tháng',1,'0',50,'no','no',6.5,1,'- Làm việc thuần thục trên hệ thống cloud AWS, cài đặt và quản trị domain, thiết lập redirect: Route53, Cloudfront, S3, Lambda.\n\n- Thiết lập quản trị các VPS EC2 và thiết lập hệ thống Load Balancing, Cluster.\n\n- Theo dõi, quản lý lượng truy cập CloudWatch.\n\n- Triển khai, cài đặt CI/CD cho các hệ thống website bằng Amplify, CodeBuild.\n\n- Quản trị database cloud, backup định kỳ với RDS.\n\n- Biết cài đặt và cấu hình cho server nội bộ, quản trị và bảo mật, sử dụng Apache, Linux.\n\n- Biết quản lý domain, hosting, cài đặt server mail.\n\n- Biết cách cài đặt firewall, phân tầng VLAN, hiểu biết về bảo mật và các phương thức tấn công mạng phổ biến và cách xử lý.','-Thu nhập 15 - 25 Triệu/Tháng\n\n- Xét tăng lương 2 lần/năm.\n\n- Lương tháng 13, thưởng Lễ, Tết Âm Lịch, sinh nhật.\n\n- Nghỉ phép: 12 ngày phép năm, 1 ngày sinh nhật, ngày nghỉ thâm niên và nghỉ Lễ/ Tết theo quy định.\n\n- Được hưởng đầy đủ chế độ bảo hiểm theo quy định của Pháp luật.\n\n- Giờ làm việc:\n\n- Được cung cấp đầy đủ trang thiết bị làm việc.\n\n- Chương trình hoạt động văn hóa đa dạng: Teambuilding, Noel ,Year End Party, 8/3, Halloween, Trung thu,...\n\n- Được làm việc trong môi trường quốc tế năng động, chuyên nghiệp, dân chủ, tôn trọng ý kiến cá nhân và teamwork cao.\n\n- Có nhiều cơ hội thăng tiến tại công ty.\n\n- Được công nhận, khen thưởng thành tích cá nhân, thưởng đội nhóm/ phòng ban.','- Quản lý hệ thống cloud AWS: Cloudfront, Load Balancing, Cluster, EC2,...\n\n- Cài đặt và vận hành hệ thống quản lý máy tính, server data center nội bộ của công ty để hỗ trợ cho nhân viên công ty.\n\n- Cài đặt, quản lý thiết bị mạng, phân tầng VLAN.\n\n- Cài đặt firewall.\n\n- Cài đặt và vận hành server nội bộ cho công ty, sử dụng Linux, dùng để vận hành các website của công ty.\n\n- Quản lý source code từ các đối tác outsource.\n\n- Giờ làm việc: 8h30-12h00 Chiều 13h30-17h30 - Thứ 2 đến sáng thứ 7',NULL,1,2),(27,NULL,NULL,NULL,NULL,NULL,'Giảng Viên IT - Đại Học Fpt - Greenwich Việt Nam',1,'0',50,'no','no',6.5,1,'Bằng cấp: Thạc sĩ, Tiến sĩ (được đào tạo tại các trường đại học nước ngoài là một ưu thế) chuyên ngành CNTT\nKinh nghiệm: Ưu tiên các ứng viên có kinh nghiệm làm việc ở nước ngoài và tập đoàn lớn\nCó khả năng giảng dạy bằng tiếng Anh\nYêu thích công việc giảng dạy và nghiên cứu khoa học\nSẵn sàng tiếp thu cái mới và thay đổi để hoàn thiện chính mình\nTuân thủ kỷ luật\nChuyên môn sâu và có kinh nghiệm trong các lĩnh vực Trí tuệ nhân tạo, Internet vạn vật, Cloud, Big Data, Web Application...\nCác bài báo nghiên cứu khoa học đăng trên các tạp chí hay trong top QS500.','Thực hiện nghiêm túc các công việc thuộc thẩm quyền của giảng viên trong việc quản lý sinh viên, quản lý lớp học, coi thi, chấm thi, sử dụng tài nguyên theo quy định của FPT Greenwich Vietnam\nTham gia các hoạt động chuyên môn: Họp chuyên môn, Workshop, hướng dẫn sinh viên làm đề tài NCKH, seminar, tư vấn tâm lý cho sinh viên\nThực hiện các công việc khác theo sự phân công của Trưởng Bộ môn.','Môi trường làm việc năng động, chuyên nghiệp\nCó mức thu nhập cạnh tranh (trả theo năng lực)\nCó cơ hội tham gia các hoạt động đào tạo nâng cao trình độ\nCơ hội được nhận hỗ trợ từ FPT Edu lên đến 200 triệu đồng khi tham gia học Tiến sĩ\nThưởng bài báo được công bố quốc tế: mức thưởng lên đến 100 triệu đồng/bài\nĐược nhận hỗ trợ khi tham gia hội nghị, hội thảo trong nước và quốc tế có bài tham luận: mức hỗ trợ lên đến 30 triệu đồng/người/năm\nHưởng chế độ chăm sóc sức khỏe đặc biệt dành cho bản thân và gia đình (FPT care)\nĐược đóng BHXH, BHYT, BHTN… theo quy định của Nhà nước\nNgười nhà được hưởng chế độ ưu đãi học phí khi học tập tại Tổ chức Giáo dục FPT\nCác quyền lợi khác: du lịch nghỉ mát hàng năm, tham gia các hoạt động vui chơi giải trí…',NULL,1,2),(28,NULL,NULL,NULL,NULL,NULL,'Nhân Viên IT Văn Phòng',1,'0',50,'no','no',6.5,1,'- Nam, từ 25 – 35 tuổi, sức khỏe tốt\n- Tốt nghiệp cao đẳng trở lên, chuyên ngành CNTT.\n- Có ít nhất 1 năm kinh nghiệm trở lên.\n- Có trách nhiệm trong công việc, làm việc nghiêm túc, nhanh nhẹn và nhiệt tình.','- Quản trị hệ thống máy tính, quản lý server công ty.\n- Thiết lập và quản lý hệ thống mạng nội bộ cho công ty.\n-  Xử lý các sự cố về mạng.\n- Quản lý, theo dõi, kiểm tra các thiết bị như: máy vi tính, máy in, máy scan, và quản lý lịch sử nạp mực, thay linh kiện.\n- Quản lý, theo dõi, kiểm tra định kỳ hoạt động hệ thống camera văn phòng.\n- Kiểm tra định kỳ máy chấm công vân tay, hỗ trợ P.HC khi có nhu cầu cài đặt, update.\n- Tìm kiếm các Nhà phân phối về mực in, thiết bị phục vụ cho công việc.\n- Phối hợp với P. Hành chánh thực hiện mua sắm các trang thiết bị, máy móc,…của văn phòng khi có nhu cầu và được Giám đốc phê duyệt.\n- Phối hợp giám sát (với dịch vụ sửa chữa, bảo hành) và nghiệm thu (với sản phẩm thay mới);\n- Hỗ trợ các Phòng / Ban đối với các vấn đề về CNTT.','- Làm việc trong môi trường hoà đồng, thân thiện.\n- Cơ hội được học hỏi, phát triển bản thân trong lĩnh vực khoa học thương mại\n- Được đào tạo chuyên môn và kỹ năng cần thiết có liên quan đến công việc.\n- Nhận mức lương, phụ cấp đảm bảo, tăng lương 2 lần/năm, thưởng theo đúng năng lực, lương tháng 13.\n- Hưởng đầy đủ chế độ phúc lợi theo quy định của Nhà nước và Công ty (du lịch 2 lần/ năm, khám sức khỏe định kỳ hằng năm, 12 ngày phép/năm, quà Trung Thu và các ngày lễ).',NULL,1,2),(29,NULL,NULL,NULL,NULL,NULL,'Nhân Viên IT Văn Phòng',1,'0',50,'no','no',6.5,1,'- Nam, từ 25 – 35 tuổi, sức khỏe tốt\n- Tốt nghiệp cao đẳng trở lên, chuyên ngành CNTT.\n- Có ít nhất 1 năm kinh nghiệm trở lên.\n- Có trách nhiệm trong công việc, làm việc nghiêm túc, nhanh nhẹn và nhiệt tình.','- Quản trị hệ thống máy tính, quản lý server công ty.\n- Thiết lập và quản lý hệ thống mạng nội bộ cho công ty.\n-  Xử lý các sự cố về mạng.\n- Quản lý, theo dõi, kiểm tra các thiết bị như: máy vi tính, máy in, máy scan, và quản lý lịch sử nạp mực, thay linh kiện.\n- Quản lý, theo dõi, kiểm tra định kỳ hoạt động hệ thống camera văn phòng.\n- Kiểm tra định kỳ máy chấm công vân tay, hỗ trợ P.HC khi có nhu cầu cài đặt, update.\n- Tìm kiếm các Nhà phân phối về mực in, thiết bị phục vụ cho công việc.\n- Phối hợp với P. Hành chánh thực hiện mua sắm các trang thiết bị, máy móc,…của văn phòng khi có nhu cầu và được Giám đốc phê duyệt.\n- Phối hợp giám sát (với dịch vụ sửa chữa, bảo hành) và nghiệm thu (với sản phẩm thay mới);\n- Hỗ trợ các Phòng / Ban đối với các vấn đề về CNTT.','- Làm việc trong môi trường hoà đồng, thân thiện.\n- Cơ hội được học hỏi, phát triển bản thân trong lĩnh vực khoa học thương mại\n- Được đào tạo chuyên môn và kỹ năng cần thiết có liên quan đến công việc.\n- Nhận mức lương, phụ cấp đảm bảo, tăng lương 2 lần/năm, thưởng theo đúng năng lực, lương tháng 13.\n- Hưởng đầy đủ chế độ phúc lợi theo quy định của Nhà nước và Công ty (du lịch 2 lần/ năm, khám sức khỏe định kỳ hằng năm, 12 ngày phép/năm, quà Trung Thu và các ngày lễ).',NULL,1,2),(30,NULL,NULL,NULL,NULL,NULL,'Nhân Viên IT Văn Phòng',1,'0',50,'no','no',6.5,1,'- Nam, từ 25 – 35 tuổi, sức khỏe tốt\n- Tốt nghiệp cao đẳng trở lên, chuyên ngành CNTT.\n- Có ít nhất 1 năm kinh nghiệm trở lên.\n- Có trách nhiệm trong công việc, làm việc nghiêm túc, nhanh nhẹn và nhiệt tình.','- Quản trị hệ thống máy tính, quản lý server công ty.\n- Thiết lập và quản lý hệ thống mạng nội bộ cho công ty.\n-  Xử lý các sự cố về mạng.\n- Quản lý, theo dõi, kiểm tra các thiết bị như: máy vi tính, máy in, máy scan, và quản lý lịch sử nạp mực, thay linh kiện.\n- Quản lý, theo dõi, kiểm tra định kỳ hoạt động hệ thống camera văn phòng.\n- Kiểm tra định kỳ máy chấm công vân tay, hỗ trợ P.HC khi có nhu cầu cài đặt, update.\n- Tìm kiếm các Nhà phân phối về mực in, thiết bị phục vụ cho công việc.\n- Phối hợp với P. Hành chánh thực hiện mua sắm các trang thiết bị, máy móc,…của văn phòng khi có nhu cầu và được Giám đốc phê duyệt.\n- Phối hợp giám sát (với dịch vụ sửa chữa, bảo hành) và nghiệm thu (với sản phẩm thay mới);\n- Hỗ trợ các Phòng / Ban đối với các vấn đề về CNTT.','- Làm việc trong môi trường hoà đồng, thân thiện.\n- Cơ hội được học hỏi, phát triển bản thân trong lĩnh vực khoa học thương mại\n- Được đào tạo chuyên môn và kỹ năng cần thiết có liên quan đến công việc.\n- Nhận mức lương, phụ cấp đảm bảo, tăng lương 2 lần/năm, thưởng theo đúng năng lực, lương tháng 13.\n- Hưởng đầy đủ chế độ phúc lợi theo quy định của Nhà nước và Công ty (du lịch 2 lần/ năm, khám sức khỏe định kỳ hằng năm, 12 ngày phép/năm, quà Trung Thu và các ngày lễ).',NULL,1,2),(31,NULL,NULL,NULL,NULL,NULL,'Giáo Viên Tiếng Anh Hà Nội _ Hồ Chí Minh',1,'0',50,'no','no',6.5,1,'˗ Thành thạo tiếng Anh, đã tốt nghiệp đại học;\n\n˗ Có kinh nghiệm giảng dạy tiếng Anh cho sinh viên và người đi làm;\n\n˗ Có tâm với nghề, trách nhiệm, nhiệt tình, có đam mê và muốn phát triển nghề nghiệp trong lĩnh vực giáo dục; có khả năng truyền lửa, truyền cảm hứng học tiếng Anh;\n\n˗ Ưu tiên:\n\n+ Các ứng viên tốt nghiệp trường đại học khoa Ngoại ngữ, ứng viên có kinh nghiệm sống, học tập và làm việc trong môi trường tiếng Anh là ngôn ngữ chính;\n\n+ Các ứng viên có một trong các chứng chỉ tiếng Anh sau: IELTS 7.5, TOEIC 950, TOEFL iBT103, TOEFL paper 620.','˗ Đứng lớp và giảng dạy theo nội dung đào tạo của khóa học; đảm bảo hoàn thành khung kiến thức yêu cầu của từng khóa;\n˗ Thiết kế hệ thống bài giảng, bài tập về nhà, kiến thức bổ trợ cho khóa học dựa trên giáo trình của Trung tâm;\n˗ Theo dõi, kiểm soát, đánh giá chất lượng học viên, đề ra kế hoạch nâng cao chất lượng học viên và đảm bảo đầu ra cam kết;\n˗ Báo cáo cho Trung tâm về tình hình học tập của học viên thường xuyên và theo đúng lộ trình.','˗ Mức lương FULL TIME: Cạnh tranh so với thị trường, offer theo năng lực giáo viên: Ít nhất từ 10 – 15 triệu/tháng (Full time) + Thưởng theo hiệu quả công việc;\n˗ Mức lương PART-TIME: Ít nhất từ 300.000 -500.000VNĐ/ca + Thưởng theo hiệu quả công việc;\n˗ Được cung cấp toàn bộ giáo trình, tài liệu, lesson plan, công cụ quản lý và đánh giá học viên… phục vụ giảng dạy, được đào tạo hướng dẫn định kỳ để nâng cao kỹ năng, nghiệp vụ và phát triển bản thân;\n˗ Được làm việc trong môi trường giáo dục nhân văn hướng đến học viên và chú trọng chất lượng đào tạo, đội ngũ nhân viên trẻ trung, năng động phát triển cực nhanh; khuyến khích phát triển bản thân, khuyến khích sáng tạo và đổi mới;\n˗ Nhiều cơ hội phát triển, thử thách bản thân và thăng tiến lên các vị trí cao cùng sự phát triển của hệ thống như Quản lý, Giám đốc đào tạo;\n- Học tập và nâng cấp trình Tiếng Anh MIỄN PHÍ;\n- Tham gia các buổi team building, du lịch 2-3 lần/năm, ăn chơi hàng tháng cùng Trung tâm;\n- Các chế độ thưởng các ngày lễ tết (Tết dương lịch, âm lịch, 8/3, 2/9/ 20/10…);\n- Thưởng tháng lương 13 và nhiều hình thức thưởng hấp dẫn khác (Thưởng ý tưởng, thưởng nóng đột xuất…);\n- Được tham gia các chế độ Bảo hiểm theo quy định và hưởng đầy đủ các chế độ phúc lợi (Hiếu hỉ, sinh nhật…).',NULL,1,3),(32,NULL,NULL,NULL,NULL,NULL,'Giáo Viên Tiếng Anh Hà Nội _ Hồ Chí Minh',1,'0',50,'no','no',6.5,1,'˗ Thành thạo tiếng Anh, đã tốt nghiệp đại học;\n\n˗ Có kinh nghiệm giảng dạy tiếng Anh cho sinh viên và người đi làm;\n\n˗ Có tâm với nghề, trách nhiệm, nhiệt tình, có đam mê và muốn phát triển nghề nghiệp trong lĩnh vực giáo dục; có khả năng truyền lửa, truyền cảm hứng học tiếng Anh;\n\n˗ Ưu tiên:\n\n+ Các ứng viên tốt nghiệp trường đại học khoa Ngoại ngữ, ứng viên có kinh nghiệm sống, học tập và làm việc trong môi trường tiếng Anh là ngôn ngữ chính;\n\n+ Các ứng viên có một trong các chứng chỉ tiếng Anh sau: IELTS 7.5, TOEIC 950, TOEFL iBT103, TOEFL paper 620.','˗ Đứng lớp và giảng dạy theo nội dung đào tạo của khóa học; đảm bảo hoàn thành khung kiến thức yêu cầu của từng khóa;\n˗ Thiết kế hệ thống bài giảng, bài tập về nhà, kiến thức bổ trợ cho khóa học dựa trên giáo trình của Trung tâm;\n˗ Theo dõi, kiểm soát, đánh giá chất lượng học viên, đề ra kế hoạch nâng cao chất lượng học viên và đảm bảo đầu ra cam kết;\n˗ Báo cáo cho Trung tâm về tình hình học tập của học viên thường xuyên và theo đúng lộ trình.','˗ Mức lương FULL TIME: Cạnh tranh so với thị trường, offer theo năng lực giáo viên: Ít nhất từ 10 – 15 triệu/tháng (Full time) + Thưởng theo hiệu quả công việc;\n˗ Mức lương PART-TIME: Ít nhất từ 300.000 -500.000VNĐ/ca + Thưởng theo hiệu quả công việc;\n˗ Được cung cấp toàn bộ giáo trình, tài liệu, lesson plan, công cụ quản lý và đánh giá học viên… phục vụ giảng dạy, được đào tạo hướng dẫn định kỳ để nâng cao kỹ năng, nghiệp vụ và phát triển bản thân;\n˗ Được làm việc trong môi trường giáo dục nhân văn hướng đến học viên và chú trọng chất lượng đào tạo, đội ngũ nhân viên trẻ trung, năng động phát triển cực nhanh; khuyến khích phát triển bản thân, khuyến khích sáng tạo và đổi mới;\n˗ Nhiều cơ hội phát triển, thử thách bản thân và thăng tiến lên các vị trí cao cùng sự phát triển của hệ thống như Quản lý, Giám đốc đào tạo;\n- Học tập và nâng cấp trình Tiếng Anh MIỄN PHÍ;\n- Tham gia các buổi team building, du lịch 2-3 lần/năm, ăn chơi hàng tháng cùng Trung tâm;\n- Các chế độ thưởng các ngày lễ tết (Tết dương lịch, âm lịch, 8/3, 2/9/ 20/10…);\n- Thưởng tháng lương 13 và nhiều hình thức thưởng hấp dẫn khác (Thưởng ý tưởng, thưởng nóng đột xuất…);\n- Được tham gia các chế độ Bảo hiểm theo quy định và hưởng đầy đủ các chế độ phúc lợi (Hiếu hỉ, sinh nhật…).',NULL,1,3),(33,NULL,NULL,NULL,NULL,NULL,'Giảng Viên Quản Trị Kinh Doanh - Cao Đẳng Fpt Polytechnic ',1,'0',50,'no','no',6.5,1,'Từ trình độ Đại Học trở lên\nÍt nhất 01 năm kinh nghiệm trong các lĩnh vực giảng dạy ngành nghề tương đương\nCó kinh nghiệm giảng dạy\nCó phẩm chất đạo đức tốt\nYêu thích công việc giảng dạy.','Giảng dạy các môn chuyên ngành Quản trị kinh doanh, Quan hệ công chúng.\nCó khả năng giảng dạy các môn: Marketing căn bản, quản trị bán hàng, kỹ năng bán hàng, nghiên cứu Marketing, Marketing nội dung, kỹ năng viết PR, Quan hệ báo chí, hoạch định chiến lược PR, kỹ năng phỏng vấn truyền thông, marketing tích hợp,...\nTham gia xây dựng học liệu các môn chuyên ngành\nTham gia các sự kiện học thuật chuyên môn và sinh viên\nTham dự các buổi học, sơ kết, tổng kết của bộ môn và toàn trường.','Môi trường làm việc năng động, chuyên nghiệp\nCó mức thu nhập hấp dẫn\nCó cơ hội tham gia các hoạt động đào tạo nâng cao trình độ\nHưởng chế độ chăm sóc sức khỏe đặc biệt dành cho bản thân và gia đình (FPT care)\nĐược đóng BHXH, BHYT, BHTN… theo quy định của Nhà nước\nNgười nhà được hưởng chế độ ưu đãi học phí khi học tập tại Tổ chức Giáo dục FPT\nCác quyền lợi khác: du lịch nghỉ mát hàng năm, tham gia các hoạt động vui chơi giải trí…',NULL,1,3),(34,NULL,NULL,NULL,NULL,NULL,'Giảng Viên Quản Trị Kinh Doanh - Cao Đẳng Fpt Polytechnic ',1,'0',50,'no','no',6.5,1,'Từ trình độ Đại Học trở lên\nÍt nhất 01 năm kinh nghiệm trong các lĩnh vực giảng dạy ngành nghề tương đương\nCó kinh nghiệm giảng dạy\nCó phẩm chất đạo đức tốt\nYêu thích công việc giảng dạy.','Giảng dạy các môn chuyên ngành Quản trị kinh doanh, Quan hệ công chúng.\nCó khả năng giảng dạy các môn: Marketing căn bản, quản trị bán hàng, kỹ năng bán hàng, nghiên cứu Marketing, Marketing nội dung, kỹ năng viết PR, Quan hệ báo chí, hoạch định chiến lược PR, kỹ năng phỏng vấn truyền thông, marketing tích hợp,...\nTham gia xây dựng học liệu các môn chuyên ngành\nTham gia các sự kiện học thuật chuyên môn và sinh viên\nTham dự các buổi học, sơ kết, tổng kết của bộ môn và toàn trường.','Môi trường làm việc năng động, chuyên nghiệp\nCó mức thu nhập hấp dẫn\nCó cơ hội tham gia các hoạt động đào tạo nâng cao trình độ\nHưởng chế độ chăm sóc sức khỏe đặc biệt dành cho bản thân và gia đình (FPT care)\nĐược đóng BHXH, BHYT, BHTN… theo quy định của Nhà nước\nNgười nhà được hưởng chế độ ưu đãi học phí khi học tập tại Tổ chức Giáo dục FPT\nCác quyền lợi khác: du lịch nghỉ mát hàng năm, tham gia các hoạt động vui chơi giải trí…',NULL,1,3),(35,NULL,NULL,NULL,NULL,NULL,'Giáo Viên Tiểu Học Tại Đà Nẵng,Quảng Nam ',1,'0',50,'no','no',6.5,1,'- Ưu tiên Nữ\n\n- Chủ động, trách nhiệm, chịu được áp lực cao trong công việc.\n\n-Yêu nghề và am hiểu tâm lý lứa tuổi.\n\n-Đam mê, sáng tạo, nhiệt huyết và không ngại thay đổi, mong muốn phát triển trong một môi trường làm việc năng động, nhiều thử thách.\n\n-Ngoại hình ưa nhìn, phát âm chuẩn, giọng nói rõ ràng,\n\n-Kỹ năng sư phạm, xử lý tình huống tốt\n\n-Sử dụng tốt các công cụ office phục vụ công việc giảng dạy\n\nTốt nghiệp ĐH trở lên ngành Giáo dục tiểu học\n\nƯu tiên các ứng viên có kinh nghiệm giảng dạy tại vị trí tương đương, giao tiếp tiếng Anh tốt','- Chuẩn bị giáo án, kế hoạch giảng dạy với mục tiêu học tập cụ thể\n\n- Tổ chức các hoạt động dạy và học theo hướng giúp phát triển năng lực cho học sinh\n\n- Tổ chức đánh giá hiệu quả học tập của học sinh để chủ động điều chỉnh phương pháp dạy học phù hợp\n\n- Chủ động tham gia hoạt động đào tạo, phát triển chuyên môn\n\n- Xây dựng mối quan hệ tôn trọng, hợp tác với Phụ huynh và Học sinh\n\n-Ngoài công tác chuyên môn, tham gia tích cực các hoạt động, sự kiện theo kế hoạch của nhà trường; hoặc theo sự phân công của Ban Giám hiệu.\n\nChi tiết nội dung công việc trao đổi thêm khi phỏng vấn.','Mức lương: Thỏa thuận theo năng lực\n\n-Tham gia đội ngũ Sky-line, các ứng viên được hưởng mọi chính sách theo luật định.\n\n-Được đào tạo và thăng tiến.\n\n-Được làm việc trong môi trường năng động, thân thiện cũng với các chính sách thu hút khác.',NULL,1,3),(36,NULL,NULL,NULL,NULL,NULL,'Cộng Tác Viên Tuyển Dụng IT (Ưu Tiên Đã Có Kinh Nghiệm Tuyển IT)',1,'0',50,'no','no',6.5,1,'Ưu tiên ứng viên tốt nghiệp đại học các chuyên ngành Quản trị nhân sự hoặc ứng viên có background IT (Hoặc đã có kinh nghiệm Tuyển dụng IT)\nNgoan ngoãn, lễ phép, chân thật, chăm chỉ\nKỹ năng giao tiếp tốt.\nCó kỹ năng làm việc độc lập và làm việc trong nhóm khoảng 15 người.\nSáng tạo, nhanh nhẹn, có kỹ năng viết content tốt\nCó kỹ năng làm nguồn, tìm kiếm ứng viên trên các network online và offline là 1 lợi thế\nTích cực tham gia các group, cộng đồng tuyển dụng online\nƯu tiên ứng viên có sẵn network ứng viên mảng công nghệ thông tin hoặc ứng viên đã có kinh nghiệm làm tuyển dụng, headhunt.','Tham gia trực tiếp vào công tác tuyển dụng các vị trí liên quan đến lĩnh vực công nghệ thông tin (như Lập trình viên các ngôn ngữ: PHP, .NET, Java, JavaScript, BI, AI, C/C++, System Engineer, System Admin, Computer Vision, AI, Xử lý ngôn ngữ tự nghiên NLP, Xử lý giọng nói, Xử lý hình ảnh…., Mobile (iOS, Android), Xenforo, Python, Tester, BA, Frontend, Backend….)\nThực hiện truyền thông tuyển dụng qua các kênh, viết thông báo tuyển dụng, soạn thảo các bản mô tả công việc, chân dung ứng viên các vị trí cần tuyển\nLọc hồ sơ, CV, sắp xếp hồ sơ để lưu trữ trong database hệ thống CRM của công ty.\nThực hiện liên hệ các bước sắp xếp phỏng vấn, đặt lịch phỏng vấn, hỗ trợ phòng tuyển dụng và các phòng ban khác trong quá trình phỏng vấn\nTheo sát tiến độ công việc, báo cáo kết quả, các vấn đề tồn tại trong công tác chuyên môn và đề xuất các giải pháp khắc phục để đạt được mục tiêu tuyển dụng\nCác công việc liên quan tới tuyển dụng khác theo yêu cầu của quản lý','Dải lương dự kiến: 2-5 triệu tháng\nThưởng đạt, vượt chỉ tiêu KPI/Thưởng năng suất: Xét thưởng áp dụng khi nhân viên đạt chỉ tiêu KPI cá nhân và hoặc tùy thuộc vào tình hình kết quả kinh doanh của công ty.\nThưởng Nóng, Thưởng thành tích vượt trội: Khi có thành tích xuất sắc và hoặc dự án thành công…',NULL,1,4),(37,NULL,NULL,NULL,NULL,NULL,'Nhân Viên IT (Phần Mềm)',1,'0',50,'no','no',6.5,1,'- Giới tính: Nam, từ 22 ~ 28 tuổi \n- Tốt nghiệp Đại học chuyên ngành IT, Computer Science, Software, hoặc có chứng chỉ đào tạo lập trình\n- Sử dụng tốt tool quản lý dự án như Sourcetree, Git…\n- Có kinh nghiệm lập trình PHP-Laravel\n- Ưu tiên có kinh nghiệm làm việc với cơ sở dữ liệu (MySQL, SQL Server…)','- Lập trình và phát triển ứng dụng web, API trên nền tảng PHP cho dự án của Công ty\n- Xây dựng các tính năng mới theo thiết kế theo yêu cầu\n- Tham gia vào dự án xây dựng sản phẩm riêng của Công ty\n- Hỗ trợ nhóm triển khai phần mềm, công nghệ mới.','- Mức lương và các chế độ phúc lợi hấp dẫn \n- Cơ hội được đào tạo và thăng tiến cao\n- Các khoản hỗ trợ: tiền xăng, tiền nhà, tiền chuyên cần, tiền thâm niên …\n- Được công ty đóng toàn bộ tiền BHXH, BHYT, BHTN và Thuế TNCN\n- Phụ cấp tăng ca \n- Du lịch công ty, khám sức khoẻ định kỳ hàng năm.',NULL,1,4),(38,NULL,NULL,NULL,NULL,NULL,'Nhân Viên IT Support Part Time - Hồ Chí Minh',1,'0',50,'no','no',6.5,1,'- Ưu tiên sinh viên\n\n- Cẩn thận, chỉn chu, siêng năng trong công việc\n\n- Có tinh thần hợp tác\n\n- Trách nhiệm cao.','- Cài đặt phần mềm, windows trên PCs, laptop.\n\n- Hỗ trợ học viên, nhân viên khi gặp các vấn đề về kỹ thuật.\n\n- Giải quyết các vấn đề về PCs, laptop, máy in,...\n\n- Thực hiện các công việc khác theo yêu cầu của quản lý.\n\n- Ca làm cố định (Thứ 2-4-6 hoặc 3-5-7 BUỔI TỐI bắt đầu từ 17h30 đến 21h30, CN BUỔI SÁNG/CHIỀU bắt đầu từ 08h30 đến 17h30)','- Lương thực nhận: 22.500 đồng / giờ, được hỗ trợ phí gửi xe.\n\n- Làm việc trong môi trường văn phòng năng động, chuyên nghiệp của nước ngoài.\n\n- Cơ hội phát triển toàn diện kỹ năng.',NULL,1,4),(39,NULL,NULL,NULL,NULL,NULL,'Cộng Tác Viên Tuyển Dụng IT (Online)',1,'0',50,'no','no',6.5,1,'- Sử dụng thành thạo các mạng xã hội như Facebook, Linkedin…\n- Ưu tiên những ứng viên có kinh nghiệm về Chăm sóc khách hàng/ Telesales/ Tư vấn/ Call center\n- Yêu thích công việc tuyển dụng\n- Có khả năng chăm sóc các ứng viên tiềm năng','Đối tượng tuyển dụng: Lập trình viên \nHỗ trợ công tác tuyển dụng tìm kiếm ứng viên, nhận mức hoa hồng cao với mỗi ứng viên tuyển dụng thành công.\nTiếp nhận thông tin các vị trí cần tuyển mới nhất từ ITS GLOBAL\nChăm sóc ứng viên hoặc thông tin về tin tuyển dụng, quy trình tuyển dụng liên quan.\nTạo nguồn tuyển dụng, tìm kiếm hồ sơ ứng viên thông qua facebook, website,...\nĐăng thông tin tuyển dụng trên các kênh online (websites, forums, social networks,…)\nHunting ứng viên, mở rộng network với ứng viên tiềm năng mảng truyền thông, quảng cáo, kinh doanh...\nLàm việc Online tại nhà','Được chiết khấu hoa hồng cao\nCó cơ hội được lên chính thức sau 6 tháng làm việc\nTích lũy kinh nghiệm sớm. Xây dựng nền tảng kinh nghiệm sớm - mở rộng cơ hội việc làm sau này\nĐược tranning, hỗ trợ - được bắt đầu với các task cơ bản của tuyển dụng\nPhát triển lên các vị trí intern, Fresher,....\nMôi trường làm việc hấp dẫn, đề cao giá trị tập thể và tôn trọng sự phát triển của mỗi cá nhân.',NULL,1,4),(40,NULL,NULL,NULL,NULL,NULL,'Chuyên Viên Cao Cấp Quan Hệ Khách Hàng ',1,'0',50,'no','no',6.5,1,'Tốt nghiệp Đại học chuyên ngành tài chính, ngân hàng, thương mại.\nTối thiểu 01 năm trong lĩnh vực tài chính, ngân hàng.\nHiểu rõ quy trình để thực hiện đúng yêu cầu đối với nghiệp vụ cũng như kiểm soát việc thực hiện quy trình đó.\nCó kinh nghiệm trong thiết lập quan hệ với các tổ chức tín dụng trong và ngoài nước.\nCó khả năng lập báo cáo thẩm định đề xuất cấp hạn mức.\nCó khả năng giao tiếp và thương lượng.\nNgoại hình khá, cao trên 1m60.','Tìm kiếm và phân tích khách hàng, thực hiện chương trình chăm sóc khách hàng.\nThu thập hồ sơ pháp lý và trình ký các tài liệu hợp tác kinh doanh (NDA, KYC, thư chào sản phẩm, biểu lãi suất, hồ sơ doanh nghiệp, …).\nThu thập dữ liệu, cung cấp thông tin cho đối tác phục vụ công tác thẩm định, xếp hạng tín nhiệm và đề xuất cấp các hạn mức giao dịch cho Mcredit.\nCung cấp thông tin cho các tổ chức xếp hạng tín nhiệm quốc tế, các Định chế tài chính trong và ngoài nước phục vụ việc cấp và duy trì hạn mức của các Định chế tài chính trong và ngoài nước cho Mcredit.\nThu thập thông tin, chấm điểm xếp hạng đối tác theo quy chế nội bộ về xét duyệt hạn mức giao dịch với các TCTD khác, lập tờ trình hạn mức giao dịch.','Thời gian làm việc từ t2-t6 và có 3 ca làm việc từ 7h30,8h,8h30 đến 5h,5h30,6h, nghỉ trưa 1,5h từ 12h00\nChế độ thưởng ngày lễ tết (200k-5tr),\nChế độ khám sức khỏe tại bệnh viện cao cấp\nBảo hiểm sức khỏe MIC và các gói bảo hiểm sức khỏe công ty mua thêm cho NV tùy từng thời điểm\nGói vay ưu đãi, mua sản phẩm ưu đãi dành cho NV trong tập đoàn MB\nGói du lịch hàng năm\nSinh nhật được nghỉ 1 ngày phép, tổng 13 phép/năm\nThưởng 1 năm 3-4 tháng lương (gồm thưởng tháng 13 và thưởng KPI theo kết quả kinh doanh)\n6 tháng review/lần, tăng lương 1 lần/năm theo đánh giá kết quả công việc\nCác chương trình sự kiện văn hóa theo tập đoàn MB',NULL,1,5),(41,NULL,NULL,NULL,NULL,NULL,'Nhân Viên Tư Vấn Và Hỗ Trợ Bán Hàng - Yêu Cầu Tiếng Trung ',1,'0',50,'no','no',6.5,1,'- Nam/ nữ, tuổi 25 - 35\n\n- Tốt nghiệp trung cấp trở lên chuyên ngành Kinh tế, Marketing, QTKD,...\n\n- Thích giao tiếp\n\n- SỬ DỤNG TỐT TIẾNG TRUNG (nghe nói đọc viết), ưu tiên biết thêm ngoại ngữ khác\n\n- Ưu tiên có bằng lái xe ô tô (B1, B2) \n\n- Nhân viên chính thức làm toàn thời gian.','- Hỗ trợ và tư vấn kỹ thuật cho khách hàng về sản phẩm của công ty (sẽ được đào tạo và cung cấp tài liệu)\n\n- Tìm kiếm khách hàng mới \n\n- Định kỳ báo cáo công việc với cấp trên.','- Lương: thỏa thuận\n\n- Được hưởng đầy đủ các chế độ theo quy định của pháp luật Việt Nam\n\n- Lương tháng 13, Khám sức khỏe định kỳ, Nghỉ phép năm, Nghỉ lễ theo quy định\n\n- Đóng BHXH đầy đủ, Chế độ công tác phí đầy đủ khi đi công tác\n\n- Môi trường làm việc năng động, chuyên nghiệp.',NULL,1,5),(42,NULL,NULL,NULL,NULL,NULL,'Nhân Viên Tư Vấn Qua Điện Thoại (Thu Nhập 12 - 15 Triệu , Hỗ Trợ Data) - Hồ Chí Minh, Hà Nội',1,'0',50,'no','no',6.5,1,'- Kinh nghiệm: Có kinh nghiệm trong lĩnh vực kinh doanh, chăm sóc khách hàng và telesales là một lợi thế.\n\n- Tác phong: Chuyên nghiệp, nhanh nhẹn.\n\n- Kỹ năng/tố chất: Giọng nói rõ ràng, truyền cảm, tự tin; có khả năng giao tiếp, chăm sóc khách hàng tốt. Kiên trì và chịu được áp lực cao.','A. VỀ PRUDENTIAL:\n\nLà một trong những công ty bảo hiểm nhân thọ hàng đầu tại Việt Nam, Prudential vinh dự là nhà cung cấp dịch vụ bảo hiểm cho hàng triệu người dân Việt Nam. Prudential là một trong số những công ty chiếm thị phần lớn tại thị trường bảo hiểm với đa dạng các loại sản phẩm cung cấp cho khách hàng.\n\nPrudential tự hào là sự lựa chọn về nghề nghiệp của các ứng viên tiềm năng bởi những giá trị và phúc lợi tuyệt vời mà chúng tôi mang lại cho nhân viên. Danh tiếng và sự thành công của công ty được xây dựng dựa trên tài năng và sự cống hiến của con người tại Prudential. Chúng tôi thực hiện lời hứa với nhân viên của mình thông qua việc quan tâm và chia sẻ một môi trường làm việc với văn hóa, sứ mệnh và tầm nhìn rõ ràng thông qua định vị thương hiệu nhà tuyển dụng: Vững bước tiên phong, Phát triển vượt trội, Tận hưởng cuộc sống.\n\nB. TRÁCH NHIỆM CHÍNH:\n\n- Làm việc tại trung tâm chăm sóc khách hàng chuyên nghiệp với đầy đủ trang thiết bị và cơ sở vật chất hỗ trợ công việc tốt nhất.\n\n- Sử dụng nguồn khách hàng được công ty cung cấp sẵn để giới thiệu, tư vấn và chăm sóc khách hàng về kế hoạch tài chính, giải pháp và chương trình Bảo hiểm.\n\n- Hỗ trợ, hướng dẫn và chăm sóc khách hàng chu đáo sau ký kết hợp đồng.\n\n- Định kỳ báo cáo và cập nhật kết quả kinh doanh theo yêu cầu của quản lý trực tiếp.\n\nC. ĐỊA ĐIỂM VÀ THỜI GIAN LÀM VIỆC:\n\n- Địa điểm:\n\nTP HCM: Tòa nhà Prudential, số 2 – 4 Bến Cần Giuộc, phường 13, quận 8, TP. Hồ Chí Minh\n\nHà Nội: 54A Nguyễn Chí Thanh (Vincom Tower), phường Láng Thượng, quận Đống Đa, Hà Nội\n\n- Thời gian:\n\n+ 08h30 - 17h30 (12h00-13h00 nghỉ trưa)\n\n+ Thứ Hai - Thứ Sáu (Thứ Bảy & Chủ Nhật nghỉ)','HÃY ỨNG TUYỂN ĐỂ TẬN HƯỞNG:\n\n- Thu nhập không giới hạn: 12,000,000-15,000,000 đồng/ tháng\n\n+ Giá trị của hợp đồng rất thấp nên dễ chốt sales (50,000 đồng/ tháng).\n\n- Môi trường làm việc chuyên nghiệp:\n\n+ Được hỗ trợ máy tính, điện thoại trong quá trình làm việc.\n\n+ Môi trường thân thiện, năng động, cơ sở vật chất hiện đại (Có phòng tập Gym, phòng tập Yoga,… cho nhân viên).',NULL,1,5),(43,NULL,NULL,NULL,NULL,NULL,'Nhân Viên Tư Vấn Qua Điện Thoại (Thu Nhập 12 - 15 Triệu , Hỗ Trợ Data) - Hồ Chí Minh, Hà Nội',1,'0',50,'no','no',6.5,1,'- Kinh nghiệm: Có kinh nghiệm trong lĩnh vực kinh doanh, chăm sóc khách hàng và telesales là một lợi thế.\n\n- Tác phong: Chuyên nghiệp, nhanh nhẹn.\n\n- Kỹ năng/tố chất: Giọng nói rõ ràng, truyền cảm, tự tin; có khả năng giao tiếp, chăm sóc khách hàng tốt. Kiên trì và chịu được áp lực cao.','A. VỀ PRUDENTIAL:\n\nLà một trong những công ty bảo hiểm nhân thọ hàng đầu tại Việt Nam, Prudential vinh dự là nhà cung cấp dịch vụ bảo hiểm cho hàng triệu người dân Việt Nam. Prudential là một trong số những công ty chiếm thị phần lớn tại thị trường bảo hiểm với đa dạng các loại sản phẩm cung cấp cho khách hàng.\n\nPrudential tự hào là sự lựa chọn về nghề nghiệp của các ứng viên tiềm năng bởi những giá trị và phúc lợi tuyệt vời mà chúng tôi mang lại cho nhân viên. Danh tiếng và sự thành công của công ty được xây dựng dựa trên tài năng và sự cống hiến của con người tại Prudential. Chúng tôi thực hiện lời hứa với nhân viên của mình thông qua việc quan tâm và chia sẻ một môi trường làm việc với văn hóa, sứ mệnh và tầm nhìn rõ ràng thông qua định vị thương hiệu nhà tuyển dụng: Vững bước tiên phong, Phát triển vượt trội, Tận hưởng cuộc sống.\n\nB. TRÁCH NHIỆM CHÍNH:\n\n- Làm việc tại trung tâm chăm sóc khách hàng chuyên nghiệp với đầy đủ trang thiết bị và cơ sở vật chất hỗ trợ công việc tốt nhất.\n\n- Sử dụng nguồn khách hàng được công ty cung cấp sẵn để giới thiệu, tư vấn và chăm sóc khách hàng về kế hoạch tài chính, giải pháp và chương trình Bảo hiểm.\n\n- Hỗ trợ, hướng dẫn và chăm sóc khách hàng chu đáo sau ký kết hợp đồng.\n\n- Định kỳ báo cáo và cập nhật kết quả kinh doanh theo yêu cầu của quản lý trực tiếp.\n\nC. ĐỊA ĐIỂM VÀ THỜI GIAN LÀM VIỆC:\n\n- Địa điểm:\n\nTP HCM: Tòa nhà Prudential, số 2 – 4 Bến Cần Giuộc, phường 13, quận 8, TP. Hồ Chí Minh\n\nHà Nội: 54A Nguyễn Chí Thanh (Vincom Tower), phường Láng Thượng, quận Đống Đa, Hà Nội\n\n- Thời gian:\n\n+ 08h30 - 17h30 (12h00-13h00 nghỉ trưa)\n\n+ Thứ Hai - Thứ Sáu (Thứ Bảy & Chủ Nhật nghỉ)','HÃY ỨNG TUYỂN ĐỂ TẬN HƯỞNG:\n\n- Thu nhập không giới hạn: 12,000,000-15,000,000 đồng/ tháng\n\n+ Giá trị của hợp đồng rất thấp nên dễ chốt sales (50,000 đồng/ tháng).\n\n- Môi trường làm việc chuyên nghiệp:\n\n+ Được hỗ trợ máy tính, điện thoại trong quá trình làm việc.\n\n+ Môi trường thân thiện, năng động, cơ sở vật chất hiện đại (Có phòng tập Gym, phòng tập Yoga,… cho nhân viên).',NULL,1,5);
/*!40000 ALTER TABLE `job_list` ENABLE KEYS */;
UNLOCK TABLES;

--
-- Table structure for table `permission`
--

DROP TABLE IF EXISTS `permission`;
/*!40101 SET @saved_cs_client     = @@character_set_client */;
/*!50503 SET character_set_client = utf8mb4 */;
CREATE TABLE `permission` (
  `id` bigint NOT NULL AUTO_INCREMENT,
  `permission_key` varchar(50) NOT NULL,
  `permission_name` varchar(50) NOT NULL,
  PRIMARY KEY (`id`)
) ENGINE=InnoDB DEFAULT CHARSET=utf8mb4 COLLATE=utf8mb4_0900_ai_ci;
/*!40101 SET character_set_client = @saved_cs_client */;

--
-- Dumping data for table `permission`
--

LOCK TABLES `permission` WRITE;
/*!40000 ALTER TABLE `permission` DISABLE KEYS */;
/*!40000 ALTER TABLE `permission` ENABLE KEYS */;
UNLOCK TABLES;

--
-- Table structure for table `profile_company`
--

DROP TABLE IF EXISTS `profile_company`;
/*!40101 SET @saved_cs_client     = @@character_set_client */;
/*!50503 SET character_set_client = utf8mb4 */;
CREATE TABLE `profile_company` (
  `id` bigint NOT NULL AUTO_INCREMENT,
  `created_by` varchar(255) DEFAULT NULL,
  `created_at` datetime(6) DEFAULT NULL,
  `deleted_flag` bit(1) DEFAULT NULL,
  `updated_by` varchar(255) DEFAULT NULL,
  `updated_at` datetime(6) DEFAULT NULL,
  `avatar` varchar(255) DEFAULT NULL,
  `born` datetime(6) DEFAULT NULL,
  `name` varchar(255) DEFAULT NULL,
  `name_asc` varchar(255) DEFAULT NULL,
  `introduction` text,
  `staff_number` bigint DEFAULT NULL,
  `contact_info` varchar(255) DEFAULT NULL,
  `current_address` varchar(255) DEFAULT NULL,
  `website` varchar(255) DEFAULT NULL,
  PRIMARY KEY (`id`)
) ENGINE=InnoDB AUTO_INCREMENT=12 DEFAULT CHARSET=utf8mb4 COLLATE=utf8mb4_0900_ai_ci;
/*!40101 SET character_set_client = @saved_cs_client */;

--
-- Dumping data for table `profile_company`
--

LOCK TABLES `profile_company` WRITE;
/*!40000 ALTER TABLE `profile_company` DISABLE KEYS */;
INSERT INTO `profile_company` VALUES (1,NULL,NULL,NULL,NULL,NULL,'https://cdn.topcv.vn/80/company_logos/fpt-software-6073b38a10cb4.jpg',NULL,'FPT Software','fpt-software','FPT Software là công ty thành viên thuộc Tập đoàn FPT. Được thành lập từ năm 1999, FPT Software hiện là công ty chuyên cung cấp các dịch vụ và giải pháp phần mềm cho các khách hàng quốc tế, với hơn 20.000 nhân viên, hiện diện tại 27 quốc gia trên toàn cầu. Nhiều năm liền, FPT Software được bình chọn là Nhà Tuyển dụng được yêu thích nhất và nằm trong TOP các công ty có môi trường làm việc tốt nhất châu Á.',15000,NULL,'FPT Building, 17 Duy Tân Str., Cầu Giấy District, Hanoi,','https://www.fpt-software.com'),(2,NULL,NULL,NULL,NULL,NULL,'https://cdn.topcv.vn/140/company_logos/cong-ty-tnhh-cmc-global-1d94bf2be044cc832cd72d2f4f8fad66-5e72d0edadcfb.jpg',NULL,'Công ty TNHH CMC GLOBAL','cmc-global','CMC Global ra đời từ kinh nghiệm 25 năm trong lĩnh vực ICT và hơn 10 năm kinh nghiệm trong lĩnh vực Outsourcing của Tập đoàn công nghệ CMC, với sứ mệnh trở thành đơn vị cung cấp nhân lực kỹ sư phần mềm chất lượng cao, cung cấp các giải pháp, dịch vụ CNTT cho thị trường quốc tế. Hiện CMC Global đang sở hữu đến 700++ nhân viên, cùng một công ty thành viên tại Nhật Bản.\n\nTập đoàn công nghệ CMC cùng CMC Global tự hào là một trong những doanh nghiệp hàng đầu Việt Nam trong lĩnh vực phát triển, cung cấp các giải pháp và dịch vụ phần mềm. Chia sẻ chung những tiêu chí tiên quyết cho sự phát triển của Tập đoàn CMC: Sáng tạo, Chuyên nghiệp, Đồng đội, CMC Global luôn nỗ lực không ngừng để xây dựng một tập thể vững mạnh, tiên phong trong nền công nghệ Việt Nam và ngày một vươn xa ra thế giới.\n\nVới mục tiêu đưa các sản phẩm và dịch vụ công nghệ cao của CMC ra thế giới, CMC Global đang xây dựng những nền móng đầu tiên với tham vọng: có ít nhất 2.000 người làm việc ở nước ngoài vào năm 2022; doanh thu phần mềm và dịch vụ từ thị trường xuất khẩu lớn hơn thị trường trong nước; có nhiều sản phẩm và dịch vụ đạt tiêu chuẩn hàng đầu thế giới. Trong tương lai, ngoài công ty thành viên CMC Japan tại Nhật Bản, CMC Global sẽ mở thêm các chi nhánh tại các nước châu Á như Singapore, Malaysia,….\n\nChiến lược đầu tư của CMC Global được định vị có phần khác biệt so với các công ty outsourcing cũng ngành ở thị trường Việt Nam. CMC Global sẽ chú trọng vào việc phát triển nguồn lực, chuẩn hóa qui trình cung cấp dịch vụ và phát triển phần mềm, đào tạo nhân sự chất lượng cao, cùng lúc thu hút số lượng lớn các nhân tài trong lĩnh vực công nghệ thông tin. Đồng thời, CMC Global cũng sẽ là đại diện, cầu nối cho các công ty thành viên của CMC trong việc cung cấp các giải pháp và dịch vụ tích hợp trọn gói ra thế giới.',1000,NULL,'Tầng 8-9, Tòa CMC, Duy Tân, Cầu Giấy, Hà Nội','http://cmcglobal.com.vn'),(3,NULL,NULL,NULL,NULL,NULL,'https://cdn.topcv.vn/140/company_logos/cong-ty-co-phan-ha-tang-vien-thong-cmc-telecom-5af4f4a61b6e4_rs.jpg',NULL,'CÔNG TY CỔ PHẦN HẠ TẦNG VIỄN THÔNG CMC TELECOM','cmc-telecom','CMC Telecom là một trong 8 công ty thành viên của Tập đoàn Công nghệ CMC. Với gần 9 năm xây dựng, phát triển, CMC Telecom là công ty hạ tầng viễn thông nằm trong TOP 4 các công ty viễn thông hàng đầu Việt Nam. CMC Telecom là nhà cung cấp đầu tiên áp dụng công nghệ GPON và sở hữu hạ tầng truyền dẫn 100% cáp quang.\n\nCMC Telecom được biết tới là nhà cung cấp dịch vụ toàn diện với các sản phẩm truyền số liệu chuyên biệt cho doanh nghiệp như Internet Leased Line, dịch vụ Wan nội hạt; liên tỉnh; quốc tế, Internet cáp quang cho doanh nghiệp và đặc biệt là sản phẩm Internet trên mạng Truyền hình cáp Việt Nam (VTVnet) cho gia đình. Không chỉ cung cấp những dịch vụ viễn thông cơ bản, CMC Telecom còn cung cấp cả các dịch vụ gia tăng cho khối khách hàng doanh nghiệp như Video Conference, Bảo mật Hệ thống và dịch vụ Managed Service…\n\nHai (02) Data Center trung lập tiêu chuẩn Tier3 của CMC Telecom tại Hà Nội và TP Hồ Chí Minh (thuộc Liên minh Dữ liệu Á Châu ADCA) đã nhận được chứng nhận về bảo mật, an toàn thông tin theo tiêu chuẩn quốc tế IEC/ISO 27001.\n\n* VÌ SAO BẠN LẠI LỰA CHỌN CMC Telecom LÀ NƠI PHÁT TRIỂN SỰ NGHIỆP:\n\nNgay từ những ngày đầu thành lập, chúng tôi luôn mong muốn tập hợp được đội ngũ nhân sự có trình độ chuyên môn cao, có tư cách đạo đức tốt để cùng hợp tác, phát triển và chung tay xây dựng công ty ngày càng lớn mạnh và phát triển không ngừng.\n\nĐối với chúng tôi, nhân lực là tài sản quý giá nhất. Sự thành công của CMC Telecom ngày hôm nay có được là nhờ sự đóng góp to lớn của những thế hệ đã và đang làm việc từ khi mới thành lập cho đến hôm nay. Chúng tôi đã, đang và mãi mãi ý thức như vậy.\n\nChúng tôi cam kết sẽ tạo điều kiện cho các ứng cử viên trúng tuyển được làm việc trong một môi trường chuyên nghiệp, thân thiện và cạnh tranh lành mạnh. Chúng tôi cam kết sẽ tạo ra những cơ hội để tất cả cán bộ nhân viên trong công ty có thể phát huy tốt nhất khả năng, chuyên môn, nhiệt huyết làm việc để cống hiến cho công ty, cho xã hội, và được hưởng các quyền lợi xứng đáng với công sức của mình. Chúng tôi cam kết đảm bảo thu nhập ổn định ở mức cao, đáp ứng đầy đủ các quyền lợi của người lao động được quy định tại luật lao động.., và hơn thế nữa.',1000,NULL,'Tầng 11, Tòa nhà CMC, 11 đường Duy Tân, quận Cầu Giấy, Hà Nội','https://cmctelecom.vn'),(4,NULL,NULL,NULL,NULL,NULL,'https://cdn.topcv.vn/55/company_logos/3b9ba543cd74b31f90a4b3826d7f7d19-5f3dffc4706b7.jpg',NULL,'TRUNG TÂM CNTT BẢO VIỆT','bao-viet','Tập đoàn Bảo Việt, với hơn 50 năm kinh nghiệm trong lĩnh vực kinh doanh bảo hiểm, đầu tư tài chính. Là doanh nghiệp tiên phong chuyển đổi mô hình hoạt động từ Tổng Công ty Nhà nước sang Tập đoàn cổ phần kinh doanh đa ngành (bảo hiểm phi nhân thọ, bảo hiểm nhân thọ, chứng khoán, đầu tư tài chính, quản lý quỹ, ngân hàng, bất động sản và các dịch vụ tài chính khác).\n\nChi nhánh Trung tâm CNTT là đơn vị hạch toán phụ thuộc trực thuộc Tập đoàn Bảo Việt, có trụ sở tại 71 Ngô Sỹ Liên, Đống Đa, Hà Nội. Với tổng số CBNV gần 150 người, hiện đang cung cấp dịch vụ CNTT phục vụ hoạt động kinh doanh của Tập đoàn, các Công ty con và định hướng cung cấp dịch vụ CNTT đến các đơn vị bên ngoài Bảo Việt.',499,NULL,'Số 71 Ngô Sĩ Liên, Văn Miếu, Đống Đa, Hà Nội','https://www.baoviet.com.vn'),(5,NULL,NULL,NULL,NULL,NULL,'https://cdn.topcv.vn/55/company_logos/cong-ty-co-phan-vien-thong-fpt-5d5f5980e317c.jpg',NULL,'Công ty Cổ phần viễn thông FPT','fpt-telecom','Là thành viên thuộc Tập đoàn công nghệ hàng đầu Việt Nam FPT, Công ty Cổ phần Viễn thông FPT (tên gọi tắt là FPT Telecom) hiện là một trong những nhà cung cấp dịch vụ viễn thông và Internet có uy tín và được khách hàng yêu mến tại Việt Nam và khu vực.\n\n\n\nThành lập ngày 31/01/1997, khởi nguồn từ Trung tâm Dịch vụ Trực tuyến do 4 thành viên sáng lập cùng sản phẩm mạng Intranet đầu tiên của Việt Nam mang tên “Trí tuệ Việt Nam – TTVN”, sản phẩm được coi là đặt nền móng cho sự phát triển của Internet tại Việt Nam. Sau 20 năm hoạt động, FPT Telecom đã lớn mạnh vượt bậc với hơn 7,000 nhân viên chính thức, gần 200 văn phòng điểm giao dịch thuộc hơn 80 chi nhánh tại 59 tỉnh thành trên toàn quốc. Bên cạnh đó, Công ty đã và đang đặt dấu ấn trên trường quốc tế bằng 8 chi nhánh trải dài khắp Campuchia, cũng như việc được cấp giấy phép kinh doanh dịch vụ tại Myanmar.\n\n\n\nVới sứ mệnh tiên phong đưa Internet đến với người dân Việt Nam và mong muốn mỗi gia đình Việt Nam đều sử dụng ít nhất một dịch vụ của FPT Telecom, đồng hành cùng phương châm “Khách hàng là trọng tâm”, chúng tôi không ngừng nỗ lực đầu tư hạ tầng, nâng cấp chất lượng sản phẩm – dịch vụ, tăng cường ứng dụng công nghệ mới để mang đến cho khách hàng những trải nghiệm sản phẩm dịch vụ vượt trội.',5000,NULL,'FPT Building, 17 Duy Tân Str., Cầu Giấy District, Hanoi,','https://www.fpt-software.com'),(6,'0','2022-09-20 21:21:37.788000',NULL,'0','2022-09-20 21:21:37.788000',NULL,NULL,'name','nameAsc','introduction',100,'contactInfo','currentAddress','website'),(7,NULL,NULL,NULL,NULL,NULL,'https://cdn.topcv.vn/80/company_logos/fpt-software-6073b38a10cb4.jpg',NULL,'FPT Software','fpt-software','FPT Software là công ty thành viên thuộc Tập đoàn FPT. Được thành lập từ năm 1999, FPT Software hiện là công ty chuyên cung cấp các dịch vụ và giải pháp phần mềm cho các khách hàng quốc tế, với hơn 20.000 nhân viên, hiện diện tại 27 quốc gia trên toàn cầu. Nhiều năm liền, FPT Software được bình chọn là Nhà Tuyển dụng được yêu thích nhất và nằm trong TOP các công ty có môi trường làm việc tốt nhất châu Á.',15000,NULL,'FPT Building, 17 Duy Tân Str., Cầu Giấy District, Hanoi,','https://www.fpt-software.com'),(8,NULL,NULL,NULL,NULL,NULL,'https://cdn.topcv.vn/140/company_logos/cong-ty-tnhh-cmc-global-1d94bf2be044cc832cd72d2f4f8fad66-5e72d0edadcfb.jpg',NULL,'Công ty TNHH CMC GLOBAL','cmc-global','CMC Global ra đời từ kinh nghiệm 25 năm trong lĩnh vực ICT và hơn 10 năm kinh nghiệm trong lĩnh vực Outsourcing của Tập đoàn công nghệ CMC, với sứ mệnh trở thành đơn vị cung cấp nhân lực kỹ sư phần mềm chất lượng cao, cung cấp các giải pháp, dịch vụ CNTT cho thị trường quốc tế. Hiện CMC Global đang sở hữu đến 700++ nhân viên, cùng một công ty thành viên tại Nhật Bản.\n\nTập đoàn công nghệ CMC cùng CMC Global tự hào là một trong những doanh nghiệp hàng đầu Việt Nam trong lĩnh vực phát triển, cung cấp các giải pháp và dịch vụ phần mềm. Chia sẻ chung những tiêu chí tiên quyết cho sự phát triển của Tập đoàn CMC: Sáng tạo, Chuyên nghiệp, Đồng đội, CMC Global luôn nỗ lực không ngừng để xây dựng một tập thể vững mạnh, tiên phong trong nền công nghệ Việt Nam và ngày một vươn xa ra thế giới.\n\nVới mục tiêu đưa các sản phẩm và dịch vụ công nghệ cao của CMC ra thế giới, CMC Global đang xây dựng những nền móng đầu tiên với tham vọng: có ít nhất 2.000 người làm việc ở nước ngoài vào năm 2022; doanh thu phần mềm và dịch vụ từ thị trường xuất khẩu lớn hơn thị trường trong nước; có nhiều sản phẩm và dịch vụ đạt tiêu chuẩn hàng đầu thế giới. Trong tương lai, ngoài công ty thành viên CMC Japan tại Nhật Bản, CMC Global sẽ mở thêm các chi nhánh tại các nước châu Á như Singapore, Malaysia,….\n\nChiến lược đầu tư của CMC Global được định vị có phần khác biệt so với các công ty outsourcing cũng ngành ở thị trường Việt Nam. CMC Global sẽ chú trọng vào việc phát triển nguồn lực, chuẩn hóa qui trình cung cấp dịch vụ và phát triển phần mềm, đào tạo nhân sự chất lượng cao, cùng lúc thu hút số lượng lớn các nhân tài trong lĩnh vực công nghệ thông tin. Đồng thời, CMC Global cũng sẽ là đại diện, cầu nối cho các công ty thành viên của CMC trong việc cung cấp các giải pháp và dịch vụ tích hợp trọn gói ra thế giới.',1000,NULL,'Tầng 8-9, Tòa CMC, Duy Tân, Cầu Giấy, Hà Nội','http://cmcglobal.com.vn'),(9,NULL,NULL,NULL,NULL,NULL,'https://cdn.topcv.vn/140/company_logos/cong-ty-co-phan-ha-tang-vien-thong-cmc-telecom-5af4f4a61b6e4_rs.jpg',NULL,'CÔNG TY CỔ PHẦN HẠ TẦNG VIỄN THÔNG CMC TELECOM','cmc-telecom','CMC Telecom là một trong 8 công ty thành viên của Tập đoàn Công nghệ CMC. Với gần 9 năm xây dựng, phát triển, CMC Telecom là công ty hạ tầng viễn thông nằm trong TOP 4 các công ty viễn thông hàng đầu Việt Nam. CMC Telecom là nhà cung cấp đầu tiên áp dụng công nghệ GPON và sở hữu hạ tầng truyền dẫn 100% cáp quang.\n\nCMC Telecom được biết tới là nhà cung cấp dịch vụ toàn diện với các sản phẩm truyền số liệu chuyên biệt cho doanh nghiệp như Internet Leased Line, dịch vụ Wan nội hạt; liên tỉnh; quốc tế, Internet cáp quang cho doanh nghiệp và đặc biệt là sản phẩm Internet trên mạng Truyền hình cáp Việt Nam (VTVnet) cho gia đình. Không chỉ cung cấp những dịch vụ viễn thông cơ bản, CMC Telecom còn cung cấp cả các dịch vụ gia tăng cho khối khách hàng doanh nghiệp như Video Conference, Bảo mật Hệ thống và dịch vụ Managed Service…\n\nHai (02) Data Center trung lập tiêu chuẩn Tier3 của CMC Telecom tại Hà Nội và TP Hồ Chí Minh (thuộc Liên minh Dữ liệu Á Châu ADCA) đã nhận được chứng nhận về bảo mật, an toàn thông tin theo tiêu chuẩn quốc tế IEC/ISO 27001.\n\n* VÌ SAO BẠN LẠI LỰA CHỌN CMC Telecom LÀ NƠI PHÁT TRIỂN SỰ NGHIỆP:\n\nNgay từ những ngày đầu thành lập, chúng tôi luôn mong muốn tập hợp được đội ngũ nhân sự có trình độ chuyên môn cao, có tư cách đạo đức tốt để cùng hợp tác, phát triển và chung tay xây dựng công ty ngày càng lớn mạnh và phát triển không ngừng.\n\nĐối với chúng tôi, nhân lực là tài sản quý giá nhất. Sự thành công của CMC Telecom ngày hôm nay có được là nhờ sự đóng góp to lớn của những thế hệ đã và đang làm việc từ khi mới thành lập cho đến hôm nay. Chúng tôi đã, đang và mãi mãi ý thức như vậy.\n\nChúng tôi cam kết sẽ tạo điều kiện cho các ứng cử viên trúng tuyển được làm việc trong một môi trường chuyên nghiệp, thân thiện và cạnh tranh lành mạnh. Chúng tôi cam kết sẽ tạo ra những cơ hội để tất cả cán bộ nhân viên trong công ty có thể phát huy tốt nhất khả năng, chuyên môn, nhiệt huyết làm việc để cống hiến cho công ty, cho xã hội, và được hưởng các quyền lợi xứng đáng với công sức của mình. Chúng tôi cam kết đảm bảo thu nhập ổn định ở mức cao, đáp ứng đầy đủ các quyền lợi của người lao động được quy định tại luật lao động.., và hơn thế nữa.',1000,NULL,'Tầng 11, Tòa nhà CMC, 11 đường Duy Tân, quận Cầu Giấy, Hà Nội','https://cmctelecom.vn'),(10,NULL,NULL,NULL,NULL,NULL,'https://cdn.topcv.vn/55/company_logos/3b9ba543cd74b31f90a4b3826d7f7d19-5f3dffc4706b7.jpg',NULL,'TRUNG TÂM CNTT BẢO VIỆT','bao-viet','Tập đoàn Bảo Việt, với hơn 50 năm kinh nghiệm trong lĩnh vực kinh doanh bảo hiểm, đầu tư tài chính. Là doanh nghiệp tiên phong chuyển đổi mô hình hoạt động từ Tổng Công ty Nhà nước sang Tập đoàn cổ phần kinh doanh đa ngành (bảo hiểm phi nhân thọ, bảo hiểm nhân thọ, chứng khoán, đầu tư tài chính, quản lý quỹ, ngân hàng, bất động sản và các dịch vụ tài chính khác).\n\nChi nhánh Trung tâm CNTT là đơn vị hạch toán phụ thuộc trực thuộc Tập đoàn Bảo Việt, có trụ sở tại 71 Ngô Sỹ Liên, Đống Đa, Hà Nội. Với tổng số CBNV gần 150 người, hiện đang cung cấp dịch vụ CNTT phục vụ hoạt động kinh doanh của Tập đoàn, các Công ty con và định hướng cung cấp dịch vụ CNTT đến các đơn vị bên ngoài Bảo Việt.',499,NULL,'Số 71 Ngô Sĩ Liên, Văn Miếu, Đống Đa, Hà Nội','https://www.baoviet.com.vn'),(11,NULL,NULL,NULL,NULL,NULL,'https://cdn.topcv.vn/55/company_logos/cong-ty-co-phan-vien-thong-fpt-5d5f5980e317c.jpg',NULL,'Công ty Cổ phần viễn thông FPT','fpt-telecom','Là thành viên thuộc Tập đoàn công nghệ hàng đầu Việt Nam FPT, Công ty Cổ phần Viễn thông FPT (tên gọi tắt là FPT Telecom) hiện là một trong những nhà cung cấp dịch vụ viễn thông và Internet có uy tín và được khách hàng yêu mến tại Việt Nam và khu vực.\n\n\n\nThành lập ngày 31/01/1997, khởi nguồn từ Trung tâm Dịch vụ Trực tuyến do 4 thành viên sáng lập cùng sản phẩm mạng Intranet đầu tiên của Việt Nam mang tên “Trí tuệ Việt Nam – TTVN”, sản phẩm được coi là đặt nền móng cho sự phát triển của Internet tại Việt Nam. Sau 20 năm hoạt động, FPT Telecom đã lớn mạnh vượt bậc với hơn 7,000 nhân viên chính thức, gần 200 văn phòng điểm giao dịch thuộc hơn 80 chi nhánh tại 59 tỉnh thành trên toàn quốc. Bên cạnh đó, Công ty đã và đang đặt dấu ấn trên trường quốc tế bằng 8 chi nhánh trải dài khắp Campuchia, cũng như việc được cấp giấy phép kinh doanh dịch vụ tại Myanmar.\n\n\n\nVới sứ mệnh tiên phong đưa Internet đến với người dân Việt Nam và mong muốn mỗi gia đình Việt Nam đều sử dụng ít nhất một dịch vụ của FPT Telecom, đồng hành cùng phương châm “Khách hàng là trọng tâm”, chúng tôi không ngừng nỗ lực đầu tư hạ tầng, nâng cấp chất lượng sản phẩm – dịch vụ, tăng cường ứng dụng công nghệ mới để mang đến cho khách hàng những trải nghiệm sản phẩm dịch vụ vượt trội.',5000,NULL,'FPT Building, 17 Duy Tân Str., Cầu Giấy District, Hanoi,','https://www.fpt-software.com');
/*!40000 ALTER TABLE `profile_company` ENABLE KEYS */;
UNLOCK TABLES;

--
-- Table structure for table `profile_user`
--

DROP TABLE IF EXISTS `profile_user`;
/*!40101 SET @saved_cs_client     = @@character_set_client */;
/*!50503 SET character_set_client = utf8mb4 */;
CREATE TABLE `profile_user` (
  `id` bigint NOT NULL AUTO_INCREMENT,
  `created_by` varchar(255) DEFAULT NULL,
  `created_at` datetime(6) DEFAULT NULL,
  `deleted_flag` bit(1) DEFAULT NULL,
  `updated_by` varchar(255) DEFAULT NULL,
  `updated_at` datetime(6) DEFAULT NULL,
  `user_id` bigint DEFAULT NULL,
  `avatar` varchar(255) DEFAULT NULL,
  `height` varchar(255) DEFAULT NULL,
  `weight` varchar(255) DEFAULT NULL,
  `work_experience` text,
  `education` text,
  `register_book` varchar(255) DEFAULT NULL,
  `cccd` varchar(255) DEFAULT NULL,
  `hobbies` varchar(255) DEFAULT NULL,
  `native_land` varchar(255) DEFAULT NULL,
  `genitive` varchar(255) DEFAULT NULL,
  `culture_level` varchar(255) DEFAULT NULL,
  `wish` varchar(255) DEFAULT NULL,
  `career` varchar(255) DEFAULT NULL,
  `wage` varchar(255) DEFAULT NULL,
  `area` varchar(255) DEFAULT NULL,
  `province` varchar(255) DEFAULT NULL,
  `current_job_id` bigint DEFAULT NULL,
  PRIMARY KEY (`id`),
  KEY `FK_current_job_id` (`current_job_id`),
  KEY `FK_profile_user_id` (`user_id`),
  CONSTRAINT `FK_current_job_id` FOREIGN KEY (`current_job_id`) REFERENCES `job_list` (`id`),
  CONSTRAINT `FK_profile_user_id` FOREIGN KEY (`user_id`) REFERENCES `user` (`id`)
) ENGINE=InnoDB AUTO_INCREMENT=28 DEFAULT CHARSET=utf8mb4 COLLATE=utf8mb4_0900_ai_ci;
/*!40101 SET character_set_client = @saved_cs_client */;

--
-- Dumping data for table `profile_user`
--

LOCK TABLES `profile_user` WRITE;
/*!40000 ALTER TABLE `profile_user` DISABLE KEYS */;
INSERT INTO `profile_user` VALUES (1,'0','2022-10-02 23:07:50.239000',NULL,'0','2022-10-02 23:07:50.239000',NULL,NULL,'100kg','2m','no','50','50','50','50','50','50','50','50','50','50','50','50',NULL),(2,NULL,NULL,NULL,'0','2022-10-03 23:40:28.646000',NULL,NULL,'10kg','2m5','no','50','50','50','50','50','50','50','50','50','50','50','50',NULL),(3,NULL,NULL,NULL,'0','2022-10-04 21:33:52.423000',3,NULL,'999','999','no','50','50','50','50','50','50','50','50','50','50','50','50',12),(4,'0','2022-10-04 21:50:57.012000',NULL,'0','2022-10-04 21:50:57.012000',NULL,'images\\test.jpg','test height','test weight',NULL,NULL,NULL,NULL,NULL,NULL,NULL,NULL,NULL,NULL,NULL,NULL,NULL,NULL),(5,'0','2022-10-04 22:36:47.774000',NULL,'0','2022-10-04 22:36:47.774000',1,NULL,'999','999','no','50','50','50','50','50','50','50','50','50','50','50','50',12),(6,'0','2022-10-04 22:37:16.426000',NULL,'0','2022-10-04 22:37:16.426000',1,NULL,'999','999','no','50','50','50','50','50','50','50','50','50','50','50','50',12),(7,'0','2022-10-04 22:37:22.217000',NULL,'0','2022-10-04 22:37:22.217000',4,'images\\test.jpg','test height','test weight','workExperience','education','registerBook','cccd','hobbies','nativeLand','genitive','cultureLevel','wish','career','wage','area','province',13),(8,'0','2022-10-04 22:45:29.247000',NULL,'0','2022-10-04 22:45:29.247000',4,'images\\topcv.png','test height','test weight','workExperience','education','registerBook','cccd','hobbies','nativeLand','genitive','cultureLevel','wish','career','wage','area','province',13),(9,'0','2022-10-16 22:39:17.752000',NULL,'0','2022-10-16 22:39:17.752000',4,'images\\cho.jpg','test height','test weight','workExperience','education','registerBook','cccd','hobbies','nativeLand','genitive','cultureLevel','wish','career','wage','area','province',13),(10,'0','2022-10-16 22:40:21.566000',NULL,'0','2022-10-16 22:40:21.566000',4,'images\\cho.jpg','test height','test weight','workExperience','education','registerBook','cccd','hobbies','nativeLand','genitive','cultureLevel','wish','career','wage1','area1','province1',13),(11,'0','2022-10-16 22:41:01.897000',NULL,'0','2022-10-16 22:41:01.897000',1,'images\\cho.jpg','test height','test weight','workExperience','education','registerBook','cccd','hobbies','nativeLand','genitive','cultureLevel','wish','career','wage2','area1','province2',13),(12,'0','2022-10-16 22:56:12.516000',NULL,'0','2022-10-16 22:56:12.516000',1,'images\\cho.jpg','123','123','workExperience','education','registerBook','cccd','hobbies','nativeLand','genitive','cultureLevel','wish','career','wage2','area1','province2',13),(13,'0','2022-10-16 22:56:40.565000',NULL,'0','2022-10-16 22:56:40.565000',1,'images\\cho.jpg','123','123','workExperience','education','registerBook','cccd','hobbies','nativeLand','genitive','cultureLevel','wish','career','wage2','area1','province12',13),(14,'0','2022-10-16 22:57:01.023000',NULL,'0','2022-10-16 22:57:01.023000',1,'images\\cho.jpg','123','123','workExperience','education','registerBook','cccd','hobbies','nativeLand','genitive','cultureLevel','wish','career','wage2','area1','province12',13),(15,'0','2022-10-16 23:06:11.516000',NULL,'0','2022-10-16 23:06:11.516000',1,'images\\cho.jpg','14','14','workExperience14','education14','registerBook','cccd','hobbies','nativeLand','genitive','cultureLevel','wish','career','wage2','area1','province12',13),(16,'0','2022-10-16 23:07:41.100000',NULL,'0','2022-10-16 23:07:41.100000',1,'images\\cho.jpg','15','15','workExperience15','education15','registerBook','cccd','hobbies','nativeLand','genitive','cultureLevel','wish','career','wage2','area1','province12',13),(17,NULL,NULL,NULL,'0','2022-10-16 23:25:47.716000',1,'images\\cho.jpg','17','17','workExperience17','education17','registerBook','cccd','hobbies','nativeLand','genitive','cultureLevel','wish','career','wage2','area1','province12',13),(18,NULL,NULL,NULL,'0','2022-10-17 23:18:16.259000',1,'images\\lon.jpg','5test','5test','workExperience5','education5','registerBook','cccd','hobbies','nativeLand','genitive','cultureLevel','wish','career','wage2','area1','province12',13),(19,NULL,NULL,NULL,'0','2022-10-17 23:58:41.441000',1,'images\\cho.jpg','testcc','testcc','testcc','testcc','registerBook','cccd','hobbies','nativeLand','genitive','cultureLevel','wish','career','wage2','area1','province12',13),(20,'0','2022-10-18 21:56:38.255000',NULL,'0','2022-10-18 21:56:38.255000',32,'images\\cho.jpg','testcc','testcc','testcc','testcc','registerBook','cccd','hobbies','nativeLand','genitive','cultureLevel','wish','career','wage2','area1','province12',13),(22,'0','2022-10-18 22:35:11.044000',NULL,'0','2022-10-18 22:35:11.044000',NULL,'images\\meo.jpg','testcc32','testcc32','testcc32','testcc32','registerBook32','cccd32','hobbies32','nativeLand3232','genitive','cultureLevel','wish','career','wage2','area1','province12',13),(23,'0','2022-10-19 22:32:45.356000',NULL,'0','2022-10-19 22:32:45.356000',NULL,NULL,'testcc32','testcc32','testcc32','testcc32','registerBook32','cccd32','hobbies32','nativeLand3232','genitive','cultureLevel','wish','career','wage2','area1','province12',13),(24,'0','2022-10-19 22:33:03.415000',NULL,'0','2022-10-19 22:33:03.415000',NULL,NULL,'testcc32','testcc32','testcc32','testcc32','registerBook32','cccd32','hobbies32','nativeLand3232','genitive','cultureLevel','wish','career','wage2','area1','province12',13),(25,'0','2022-10-19 22:34:29.555000',NULL,'0','2022-10-19 22:34:29.555000',33,NULL,'testcc32','testcc32','testcc32','testcc32','registerBook32','cccd32','hobbies32','nativeLand3232','genitive','cultureLevel','wish','career','wage2','area1','province12',13),(26,'0','2022-10-19 22:34:50.531000',NULL,'0','2022-10-19 22:34:50.531000',33,NULL,'testcc33','testcc33','testcc33','testcc32','registerBook32','cccd32','hobbies32','nativeLand3232','genitive','cultureLevel','wish','career','wage2','area1','province12',13),(27,'0','2022-10-19 22:34:57.820000',NULL,'0','2022-10-19 22:34:57.820000',33,NULL,'testcc33','testcc33','testcc33','testcc32','registerBook32','cccd32','hobbies32','nativeLand3232','genitive','cultureLevel','wish','career','wage2','area1','province12',13);
/*!40000 ALTER TABLE `profile_user` ENABLE KEYS */;
UNLOCK TABLES;

--
-- Table structure for table `role`
--

DROP TABLE IF EXISTS `role`;
/*!40101 SET @saved_cs_client     = @@character_set_client */;
/*!50503 SET character_set_client = utf8mb4 */;
CREATE TABLE `role` (
  `id` bigint NOT NULL AUTO_INCREMENT,
  `created_by` varchar(255) DEFAULT NULL,
  `created_at` datetime(6) DEFAULT NULL,
  `deleted_flag` bit(1) DEFAULT NULL,
  `updated_by` varchar(255) DEFAULT NULL,
  `updated_at` datetime(6) DEFAULT NULL,
  `name` varchar(50) DEFAULT NULL,
  PRIMARY KEY (`id`)
) ENGINE=InnoDB AUTO_INCREMENT=5 DEFAULT CHARSET=utf8mb4 COLLATE=utf8mb4_0900_ai_ci;
/*!40101 SET character_set_client = @saved_cs_client */;

--
-- Dumping data for table `role`
--

LOCK TABLES `role` WRITE;
/*!40000 ALTER TABLE `role` DISABLE KEYS */;
INSERT INTO `role` VALUES (3,NULL,NULL,NULL,NULL,NULL,'ADMIN'),(4,NULL,NULL,NULL,NULL,NULL,'CUSTOMER');
/*!40000 ALTER TABLE `role` ENABLE KEYS */;
UNLOCK TABLES;

--
-- Table structure for table `role_permission`
--

DROP TABLE IF EXISTS `role_permission`;
/*!40101 SET @saved_cs_client     = @@character_set_client */;
/*!50503 SET character_set_client = utf8mb4 */;
CREATE TABLE `role_permission` (
  `role_id` bigint NOT NULL,
  `permission_id` bigint NOT NULL,
  KEY `FK_role_permission_id` (`role_id`),
  KEY `FK_permission_id` (`permission_id`),
  CONSTRAINT `FK_permission_id` FOREIGN KEY (`permission_id`) REFERENCES `permission` (`id`),
  CONSTRAINT `FK_role_permission_id` FOREIGN KEY (`role_id`) REFERENCES `role` (`id`)
) ENGINE=InnoDB DEFAULT CHARSET=utf8mb4 COLLATE=utf8mb4_0900_ai_ci;
/*!40101 SET character_set_client = @saved_cs_client */;

--
-- Dumping data for table `role_permission`
--

LOCK TABLES `role_permission` WRITE;
/*!40000 ALTER TABLE `role_permission` DISABLE KEYS */;
/*!40000 ALTER TABLE `role_permission` ENABLE KEYS */;
UNLOCK TABLES;

--
-- Table structure for table `token`
--

DROP TABLE IF EXISTS `token`;
/*!40101 SET @saved_cs_client     = @@character_set_client */;
/*!50503 SET character_set_client = utf8mb4 */;
CREATE TABLE `token` (
  `id` bigint NOT NULL AUTO_INCREMENT,
  `created_by` varchar(255) DEFAULT NULL,
  `created_at` datetime(6) DEFAULT NULL,
  `deleted_flag` bit(1) DEFAULT NULL,
  `updated_by` varchar(255) DEFAULT NULL,
  `updated_at` datetime(6) DEFAULT NULL,
  `token` text,
  `token_exp_date` datetime(6) DEFAULT NULL,
  PRIMARY KEY (`id`)
) ENGINE=InnoDB AUTO_INCREMENT=3 DEFAULT CHARSET=utf8mb4 COLLATE=utf8mb4_0900_ai_ci;
/*!40101 SET character_set_client = @saved_cs_client */;

--
-- Dumping data for table `token`
--

LOCK TABLES `token` WRITE;
/*!40000 ALTER TABLE `token` DISABLE KEYS */;
INSERT INTO `token` VALUES (1,'0','2022-10-09 22:22:19.306000',NULL,'0','2022-10-09 22:22:19.306000','eyJhbGciOiJIUzI1NiJ9.eyJleHAiOjE2NjYxOTI5MzksInVzZXIiOnsibmF0aXZlTGFuZCI6bnVsbCwiYXJlYSI6bnVsbCwicmVnaXN0ZXJCb29rIjpudWxsLCJjYXJlZXIiOm51bGwsImN1bHR1cmVMZXZlbCI6bnVsbCwid2VpZ2h0IjpudWxsLCJleHBlcmllbmNlIjpudWxsLCJ1c2VySWQiOjEwLCJhdXRob3JpdGllcyI6W10sInRva2VuIjpudWxsLCJjY2NkIjpudWxsLCJzcGVjaWFsQ29uZGl0aW9uIjpudWxsLCJ3aXNoIjpudWxsLCJwYXNzd29yZCI6IiQyYSQxMCRaSXlDSjJqSmFVZGNsa0dMUWI4a05lWmhybnRnT1pVN1Y1Z3VzUnlaeHE5TlNUTFQ3NGc5dSIsInByb3ZpbmNlIjpudWxsLCJob2JiaWVzIjpudWxsLCJoaWdoU2Nob29sIjpudWxsLCJnZW5pdGl2ZSI6bnVsbCwiY3VycmVudEpvYklkIjpudWxsLCJ1c2VybmFtZSI6ImtpZW4xMSIsImhlaWdodCI6bnVsbCwid2FnZSI6bnVsbH19.DKwzr9-b43PBUrM_Rdk_z5otrMR5w8T53ttDCD-OLPQ','2022-10-19 22:22:19.268000'),(2,'0','2022-10-12 22:03:27.045000',NULL,'0','2022-10-12 22:03:27.045000','eyJhbGciOiJIUzI1NiJ9.eyJleHAiOjE2NjY0NTEwMDYsInVzZXIiOnsicGFzc3dvcmQiOiIkMmEkMTAkWkl5Q0oyakphVWRjbGtHTFFiOGtOZVpocm50Z09aVTdWNWd1c1J5WnhxOU5TVExUNzRnOXUiLCJ1c2VySWQiOjEwLCJhdXRob3JpdGllcyI6W10sInVzZXJuYW1lIjoia2llbjExIiwidG9rZW4iOm51bGx9fQ.KdmIs_GAWAGilR5do0zoE0R_tH6BjAYWi8OXieONeIw','2022-10-22 22:03:27.007000');
/*!40000 ALTER TABLE `token` ENABLE KEYS */;
UNLOCK TABLES;

--
-- Table structure for table `user`
--

DROP TABLE IF EXISTS `user`;
/*!40101 SET @saved_cs_client     = @@character_set_client */;
/*!50503 SET character_set_client = utf8mb4 */;
CREATE TABLE `user` (
  `id` bigint NOT NULL AUTO_INCREMENT,
  `created_by` varchar(255) DEFAULT NULL,
  `created_at` datetime(6) DEFAULT NULL,
  `deleted_flag` bit(1) DEFAULT NULL,
  `updated_by` varchar(255) DEFAULT NULL,
  `updated_at` datetime(6) DEFAULT NULL,
  `email` varchar(255) NOT NULL,
  `username` varchar(255) NOT NULL,
  `password` varchar(255) NOT NULL,
  `fullname` varchar(255) DEFAULT NULL,
  `sex` varchar(20) DEFAULT NULL,
  `born` datetime(6) DEFAULT NULL,
  `uuid` varchar(255) DEFAULT NULL,
  PRIMARY KEY (`id`)
) ENGINE=InnoDB AUTO_INCREMENT=38 DEFAULT CHARSET=utf8mb4 COLLATE=utf8mb4_0900_ai_ci;
/*!40101 SET character_set_client = @saved_cs_client */;

--
-- Dumping data for table `user`
--

LOCK TABLES `user` WRITE;
/*!40000 ALTER TABLE `user` DISABLE KEYS */;
INSERT INTO `user` VALUES (1,NULL,NULL,NULL,NULL,NULL,'kien@gmail.com','kien','$2a$10$VObHxmxycf0.QJNXlwqEc.mFZ.iYkS5V4zAJ0xdIMSoEYoW18O7cu',NULL,NULL,NULL,NULL),(2,'0','2022-09-20 21:12:05.540000',NULL,'0','2022-09-20 21:12:05.540000','kien3@gmail.com','kien3','$2a$10$zFmKylgmTKMaU9UYjzXD7Os2Oa5l2VsxiLFvnpkdmGhAbu0LXYNEu',NULL,NULL,NULL,NULL),(3,'0','2022-09-20 22:12:41.612000',NULL,'0','2022-09-20 22:12:41.612000','kien4@gmail.com','kien4','$2a$10$L6pvpFROrta6DE7KsMsife4JNZOZXmmufdtEiZVWAMfK4MxRcsBRq',NULL,NULL,NULL,NULL),(4,'0','2022-09-20 22:12:56.494000',NULL,'0','2022-09-20 22:12:56.494000','kien5@gmail.com','kien5','$2a$10$J64B5W20G4X01zFX0nw.KeiEp3RpSSSmfkRMMrOzbN4zWOmUAhD4K',NULL,NULL,NULL,NULL),(5,'0','2022-10-03 22:07:15.458000',NULL,'0','2022-10-03 22:07:15.458000','kien1@gmail.com','kien1','$2a$10$1/hJ.5kYWjaWSS/qXf/wiez64htxBoIJsNgSUgsb0AfSwfGHDcPZG',NULL,NULL,NULL,NULL),(6,'0','2022-10-03 23:40:28.614000',NULL,'0','2022-10-03 23:40:28.614000','kien1@gmail.com','kien1','123456aA@',NULL,NULL,NULL,NULL),(7,'0','2022-10-03 23:41:44.877000',NULL,'0','2022-10-03 23:41:44.877000','kien1@gmail.com','kien1','123456aA@',NULL,NULL,NULL,NULL),(8,'0','2022-10-03 23:43:18.786000',NULL,'0','2022-10-03 23:43:18.786000','kien4@gmail.com','kien4','123456aA@',NULL,NULL,NULL,NULL),(9,'0','2022-10-09 21:40:29.920000',NULL,'0','2022-10-09 21:40:29.920000','kien10@gmail.com','kien10','$2a$10$2BrRP86VRipqC6IhStkhDOXgFOAz7ugIpsAFEZk54mZISf7t7nL0G',NULL,NULL,NULL,NULL),(10,'0','2022-10-09 22:15:07.275000',NULL,'0','2022-10-09 22:15:07.275000','kien11@gmail.com','kien11','$2a$10$ZIyCJ2jJaUdclkGLQb8kNeZhrntgOZU7V5gusRyZxq9NSTLT74g9u',NULL,NULL,NULL,NULL),(11,'0','2022-10-09 22:23:58.278000',NULL,'0','2022-10-09 22:23:58.278000','kien12@gmail.com','kien12','$2a$10$mkzTSmIz4jgvCyH1GIh38.426/5tkxTSpYQy2GwiirYIyZ3v.Ojye',NULL,NULL,NULL,'123'),(12,'0','2022-10-12 21:56:38.290000',NULL,'0','2022-10-12 21:56:38.290000','kien1@gmail.com','kien1','$2a$10$Ed/5RD0eZmT0W7RRQTu4A.8a024JmVH/Jk4G4R4UjRxrtYnvRh0zq',NULL,NULL,NULL,'123'),(13,'0','2022-10-15 23:32:32.316000',NULL,'0','2022-10-15 23:32:32.316000','kien123@gmail.com','670@gmail.com','$2a$10$FxwOe.PmvfpI.l0nQ0D7A.PCFtqRLt66/ZN1nIMfsrFIDVkPtLFnm',NULL,NULL,NULL,'123'),(14,NULL,NULL,NULL,'0','2022-10-15 23:37:17.824000','kien123@gmail.com','675@gmail.com','$2a$10$E.8b0ocBlM0SsxtNYNBRZeVjMgNxEn0Zpd8d.6FdSxNx8zrebdrtq',NULL,NULL,NULL,'123'),(15,'0','2022-10-15 23:51:20.921000',NULL,'0','2022-10-15 23:51:20.921000','kien123@gmail.com','676@gmail.com','$2a$10$RRPWPv/NMxa2cSTTACPXS.v01fFCyaWTp5p6.yy9B3tvl9LwNY0ae',NULL,NULL,NULL,'123'),(16,'0','2022-10-15 23:53:39.275000',NULL,'0','2022-10-15 23:53:39.275000','kien123@gmail.com','677@gmail.com','$2a$10$pKuSwq3U/6bgtvMDPNbxP.IGqs277hZrN8f7thhTYdfQlUj25cu7m',NULL,NULL,NULL,'123'),(17,'0','2022-10-15 23:56:07.413000',NULL,'0','2022-10-15 23:56:07.413000','kien123@gmail.com','678@gmail.com','$2a$10$1aHbdGxOLPtHkQZU48/pr.CsRTsDctTa7Rd5XBt0dQqq76unDZdry',NULL,NULL,NULL,NULL),(18,'0','2022-10-15 23:57:00.091000',NULL,'0','2022-10-15 23:57:00.091000','kien123@gmail.com','679@gmail.com','$2a$10$X0Y5XVt8XRK2w2QGwoAP5OVw9ktvvfn0mdyOqdUvxOd2dY0bGMzyG',NULL,NULL,NULL,'634ae592a9f0b44b069ed24a'),(19,'0','2022-10-15 23:58:08.553000',NULL,'0','2022-10-15 23:58:08.553000','kien680@gmail.com','680@gmail.com','$2a$10$YV6JaxHtGgMx3M3XQJOCWOxfTr95xRotdUTsk04f/54jZ2dIVl0c2',NULL,NULL,NULL,NULL),(20,'0','2022-10-15 23:59:36.962000',NULL,'0','2022-10-15 23:59:36.962000','kien681@gmail.com','681@gmail.com','$2a$10$GcrmcY3HF61SS6pXgc8u7uvQQFjUkghkVho/RDF3tvo9Rbv2XINIa',NULL,NULL,NULL,NULL),(21,'0','2022-10-16 00:00:29.233000',NULL,'0','2022-10-16 00:00:29.233000','kien681@gmail.com','682@gmail.com','$2a$10$QzuE5ikHpjIr6S95pKZhQuH39HWCYcKvEUFr1IbJxZplTdV5rHJui',NULL,NULL,NULL,NULL),(22,'0','2022-10-16 00:02:11.622000',NULL,'0','2022-10-16 00:02:11.622000','kien681@gmail.com','683@gmail.com','$2a$10$M/CGjrbF7XFQEr2DHUNNz.jZEmNG/FKafexdd6/oKsOE1WcB1QgH2',NULL,NULL,NULL,NULL),(23,'0','2022-10-16 00:05:28.335000',NULL,'0','2022-10-16 00:05:28.335000','kien681@gmail.com','684@gmail.com','$2a$10$dYLgYHjEFMH1E1a9MtXMde45TGnoAVgcphXaviIgvu0niZ0I1Zgze',NULL,NULL,NULL,NULL),(24,'0','2022-10-16 00:07:03.164000',NULL,'0','2022-10-16 00:07:03.164000','kien681@gmail.com','685@gmail.com','$2a$10$aSVCUmom1sKeljXBatyckuL21jgl29tnDIOqhBPgnEc0S1CTfU9G6',NULL,NULL,NULL,NULL),(25,'0','2022-10-16 00:08:34.998000',NULL,'0','2022-10-16 00:08:34.998000','kien681@gmail.com','686@gmail.com','$2a$10$x7vN8aDbjcbkMI7467o7TeSUEt2PO9FvgVJFwk3ZNAjYQR2NNHO0S',NULL,NULL,NULL,NULL),(26,'0','2022-10-16 00:12:31.206000',NULL,'0','2022-10-16 00:12:31.206000','kien681@gmail.com','687@gmail.com','$2a$10$XtyQlOvHfEFWXXu0RW1LTOhoseG7VEtoxfxknWqo3AN3O60J31xaa',NULL,NULL,NULL,'634ae933a9f0b44b069ed263'),(27,'0','2022-10-16 22:07:34.411000',NULL,'0','2022-10-16 22:07:34.411000','kien688@gmail.com','688@gmail.com','$2a$10$b65/WU9u544kqTS9UGv6Wu3PDb0gpRJZOqK3IRAflOFDHwv8DG47G',NULL,NULL,NULL,'634c1d6ba9f0b44b069ed2a5'),(28,'0','2022-10-16 22:08:31.191000',NULL,'0','2022-10-16 22:08:31.191000','kien689@gmail.com','689@gmail.com','$2a$10$/oUGoAkqMo4BSZSsq2KwmO3Ob9vPVK5vS6nZu7kRz2dNVMF6X70nq',NULL,NULL,NULL,'634c1da4a9f0b44b069ed2a8'),(29,'0','2022-10-16 22:09:20.516000',NULL,'0','2022-10-16 22:09:20.516000','kien670@gmail.com','670@gmail.com','$2a$10$kHhzMRsdYbBFleCjn8A3G.XlKnDIxtHrV//uaOo5moNLJcezIHawK',NULL,NULL,NULL,NULL),(30,NULL,NULL,NULL,'0','2022-10-16 22:26:52.118000','kientest700@gmail.com','kientest700@gmail.com','$2a$10$NtdEb/Xp2pDe.CQFXNFHee2WC2fTYe7aYiJkO7wlkYPjJUhgB0nGK',NULL,NULL,NULL,'634c21f1a9f0b44b069ed2bc'),(31,'0','2022-10-16 23:38:14.086000',NULL,'0','2022-10-16 23:38:14.086000','kientest701@gmail.com','kientest701@gmail.com','$2a$10$KFH858ubUiGVM8sbykrXB.rukEGQGtlEEATdIOjMZuTYdPG0KdDfO',NULL,NULL,NULL,'634c32aba9f0b44b069ed2c2'),(32,'0','2022-10-18 21:55:53.859000',NULL,'0','2022-10-18 21:55:53.859000','kientest702@gmail.com','kientest702@gmail.com','$2a$10$UgcLapm9avJ37SjXKkmOhOa5QCe/NKLH.xsH/ydKL2rPl8gISyWCS',NULL,NULL,NULL,'634ebdaea9f0b44b069ed2e4'),(33,'0','2022-10-18 23:01:11.684000',NULL,'0','2022-10-18 23:01:11.684000','kientest703@gmail.com','kientest703@gmail.com','$2a$10$yP0A1Eic8ie739qtslkdDOS9xLwKF9bDNpXHSVLalpYF25Es7pdp6',NULL,NULL,NULL,'634eccfca9f0b44b069ed2f3'),(34,'0','2022-10-18 23:04:13.492000',NULL,'0','2022-10-18 23:04:13.492000','kientest703@gmail.com','kientest703@gmail.com','$2a$10$E6tUlgq1fTfTluBWgSVENufbeJ.TO/B/QROHqymmrJlBZw5aWb4Je',NULL,NULL,NULL,'634eccfca9f0b44b069ed2f3'),(35,'0','2022-10-18 23:04:19.811000',NULL,'0','2022-10-18 23:04:19.811000','kientest703@gmail.com','kientest703@gmail.com','$2a$10$JhybliPa7v62GHGgm2SxYeVy9Zll.c8wUc3OY0Lx85.EUsyrkvaFC',NULL,NULL,NULL,'634eccfca9f0b44b069ed2f3'),(36,'0','2022-10-18 23:04:23.611000',NULL,'0','2022-10-18 23:04:23.611000','kientest703@gmail.com','kientest703@gmail.com','$2a$10$MrH6MlEzEs9IN0GtXu7QjO0ouNnomIIptupPOkS6vrdRye38sDRcq',NULL,NULL,NULL,'634eccfca9f0b44b069ed2f3'),(37,'0','2022-10-18 23:05:48.395000',NULL,'0','2022-10-18 23:05:48.395000','kientest704@gmail.com','kientest704@gmail.com','$2a$10$V11DplSsVOw6Fk3RdAaA8.45LWBh3LnUfeVobCBTLilRT5kT2utNu',NULL,NULL,NULL,'634ece11a9f0b44b069ed2f9');
/*!40000 ALTER TABLE `user` ENABLE KEYS */;
UNLOCK TABLES;

--
-- Table structure for table `user_role`
--

DROP TABLE IF EXISTS `user_role`;
/*!40101 SET @saved_cs_client     = @@character_set_client */;
/*!50503 SET character_set_client = utf8mb4 */;
CREATE TABLE `user_role` (
  `user_id` bigint NOT NULL,
  `role_id` bigint NOT NULL,
  KEY `FK_user_id` (`user_id`),
  KEY `FK_role_id` (`role_id`),
  CONSTRAINT `FK_role_id` FOREIGN KEY (`role_id`) REFERENCES `role` (`id`),
  CONSTRAINT `FK_user_id` FOREIGN KEY (`user_id`) REFERENCES `user` (`id`)
) ENGINE=InnoDB DEFAULT CHARSET=utf8mb4 COLLATE=utf8mb4_0900_ai_ci;
/*!40101 SET character_set_client = @saved_cs_client */;

--
-- Dumping data for table `user_role`
--

LOCK TABLES `user_role` WRITE;
/*!40000 ALTER TABLE `user_role` DISABLE KEYS */;
INSERT INTO `user_role` VALUES (1,1);
/*!40000 ALTER TABLE `user_role` ENABLE KEYS */;
UNLOCK TABLES;
/*!40103 SET TIME_ZONE=@OLD_TIME_ZONE */;

/*!40101 SET SQL_MODE=@OLD_SQL_MODE */;
/*!40014 SET FOREIGN_KEY_CHECKS=@OLD_FOREIGN_KEY_CHECKS */;
/*!40014 SET UNIQUE_CHECKS=@OLD_UNIQUE_CHECKS */;
/*!40101 SET CHARACTER_SET_CLIENT=@OLD_CHARACTER_SET_CLIENT */;
/*!40101 SET CHARACTER_SET_RESULTS=@OLD_CHARACTER_SET_RESULTS */;
/*!40101 SET COLLATION_CONNECTION=@OLD_COLLATION_CONNECTION */;
/*!40111 SET SQL_NOTES=@OLD_SQL_NOTES */;

-- Dump completed on 2022-10-31 21:44:04
